Entry ID,Mix ID,First Author,Year,paper_id,Country / Region,Clay_pct,Silt_pct,Sand_pct,Gravel_pct,Soil Classification,Liquid_Limit_pct,Plastic_Limit_pct,Plasticity_Index_pct,Linear Shrinkage (%),Soil_SiO2_pct,Soil_Al2O3_pct,Soil_Fe2O3_pct,Soil_CaO_pct,Soil_MgO_pct,Soil_K2O_pct,Soil_Na2O_pct,Primary Precursor Type,Precursor_Family,Precursor_Content_pct,Secondary Precursor Type,Secondary Precursor Content (%),Precursor_SiO2_Al2O3_ratio,Precursor_CaO_pct,Activator Nature,Activator_Simple,Activator Type,NaOH_Concentration_molL,Silica_Modulus_SiO2_Na2O,Liquid_Binder_Ratio,Activator_Precursor_Ratio,Conv. Stabilizer Type,Conv. Stabilizer Content (%),Water Content at Comp. (%),Compaction Pressure (MPa),Dry Density (kg/m³),Curing Age at Test (d),Curing Condition,Test Standard,UCS_Dry_MPa,UCS_7d_MPa,UCS_28d_MPa,UCS_OtherAge_MPa,UCS_best_available_MPa,UCS_age_source,Water_Absorption_24h_pct
2,CEBA5,Kamwa,2023.0,Kamwa_2023.0,Cameroon,33.0,18.0,20.1,28.9,Gravel lateritic soil,57.5,29.9,27.6,,47.4,25.9,9.27,2.36,1.7,1.87,2.5,Natural Pozzolan (volcanic),Natural Pozzolan,5.0,,,,,Acidic,Acidic,H₃PO₄,,,,0.8,,0.0,27.69,8.0,1580.0,7.0,Ambient,XP P13-901; NF P 98-250; Cameroonian CEB Std,,7.5,6.24,14.0,6.24,UCS – 28d (MPa),
3,CEBA10,Kamwa,2023.0,Kamwa_2023.0,Cameroon,33.0,18.0,20.1,28.9,Gravel lateritic soil,57.5,29.9,27.6,,47.4,25.9,9.27,2.36,1.7,1.87,2.5,Natural Pozzolan (volcanic),Natural Pozzolan,10.0,,,,,Acidic,Acidic,H₃PO₄,,,,0.8,,0.0,20.83,8.0,1650.0,7.0,Ambient,XP P13-901; NF P 98-250; Cameroonian CEB Std,,10.0,9.2,14.0,9.2,UCS – 28d (MPa),
4,CEBA15,Kamwa,2023.0,Kamwa_2023.0,Cameroon,33.0,18.0,20.1,28.9,Gravel lateritic soil,57.5,29.9,27.6,,47.4,25.9,9.27,2.36,1.7,1.87,2.5,Natural Pozzolan (volcanic),Natural Pozzolan,15.0,,,,,Acidic,Acidic,H₃PO₄,,,,0.8,,0.0,16.26,8.0,1730.0,7.0,Ambient,XP P13-901; NF P 98-250; Cameroonian CEB Std,,11.88,16.24,14.0,16.24,UCS – 28d (MPa),
5,CEBA20,Kamwa,2023.0,Kamwa_2023.0,Cameroon,33.0,18.0,20.1,28.9,Gravel lateritic soil,57.5,29.9,27.6,,47.4,25.9,9.27,2.36,1.7,1.87,2.5,Natural Pozzolan (volcanic),Natural Pozzolan,20.0,,,,,Acidic,Acidic,H₃PO₄,,,,0.8,,0.0,13.02,8.0,1920.0,7.0,Ambient,XP P13-901; NF P 98-250; Cameroonian CEB Std,,17.51,17.76,14.0,17.76,UCS – 28d (MPa),
6,CEBB0,Kamwa,2023.0,Kamwa_2023.0,Cameroon,33.0,18.0,20.1,28.9,Gravel lateritic soil,57.5,29.9,27.6,,47.4,25.9,9.27,2.36,1.7,1.87,2.5,Natural Pozzolan (volcanic),Natural Pozzolan,0.0,,,,,Alkaline,Alkaline,NaOH + Na₂SiO₃,10.0,2.4,,1.0,,0.0,22.87,8.0,1640.0,7.0,Ambient,XP P13-901; NF P 98-250; Cameroonian CEB Std,,7.5,8.4,14.0,8.4,UCS – 28d (MPa),
7,CEBB5,Kamwa,2023.0,Kamwa_2023.0,Cameroon,33.0,18.0,20.1,28.9,Gravel lateritic soil,57.5,29.9,27.6,,47.4,25.9,9.27,2.36,1.7,1.87,2.5,Natural Pozzolan (volcanic),Natural Pozzolan,5.0,,,,,Alkaline,Alkaline,NaOH + Na₂SiO₃,10.0,2.4,,0.8,,0.0,21.89,8.0,1570.0,7.0,Ambient,XP P13-901; NF P 98-250; Cameroonian CEB Std,,5.4,8.4,14.0,8.4,UCS – 28d (MPa),
8,CEBB10,Kamwa,2023.0,Kamwa_2023.0,Cameroon,33.0,18.0,20.1,28.9,Gravel lateritic soil,57.5,29.9,27.6,,47.4,25.9,9.27,2.36,1.7,1.87,2.5,Natural Pozzolan (volcanic),Natural Pozzolan,10.0,,,,,Alkaline,Alkaline,NaOH + Na₂SiO₃,10.0,2.4,,0.8,,0.0,20.64,8.0,1590.0,7.0,Ambient,XP P13-901; NF P 98-250; Cameroonian CEB Std,,7.5,8.4,14.0,8.4,UCS – 28d (MPa),
9,CEBB15,Kamwa,2023.0,Kamwa_2023.0,Cameroon,33.0,18.0,20.1,28.9,Gravel lateritic soil,57.5,29.9,27.6,,47.4,25.9,9.27,2.36,1.7,1.87,2.5,Natural Pozzolan (volcanic),Natural Pozzolan,15.0,,,,,Alkaline,Alkaline,NaOH + Na₂SiO₃,10.0,2.4,,0.8,,0.0,15.82,8.0,1580.0,7.0,Ambient,XP P13-901; NF P 98-250; Cameroonian CEB Std,,9.36,9.36,14.0,9.36,UCS – 28d (MPa),
10,CEBB20,Kamwa,2023.0,Kamwa_2023.0,Cameroon,33.0,18.0,20.1,28.9,Gravel lateritic soil,57.5,29.9,27.6,,47.4,25.9,9.27,2.36,1.7,1.87,2.5,Natural Pozzolan (volcanic),Natural Pozzolan,20.0,,,,,Alkaline,Alkaline,NaOH + Na₂SiO₃,10.0,2.4,,0.8,,0.0,12.62,8.0,1610.0,7.0,Ambient,XP P13-901; NF P 98-250; Cameroonian CEB Std,,9.36,9.36,14.0,9.36,UCS – 28d (MPa),
11,G5%,Ongpeng,2020.0,Ongpeng_2020.0,Philippines,,,,,A-2-7 (AASHTO),41.11,18.14,22.97,,,,,,,,,Fly Ash,Fly Ash,5.0,,,,,Alkaline,Alkaline,NaOH,0.542,,,0.2,,,,,,28.0,Wet (sealed in plastic),ASTM C39 / ASTM C1585 / AASHTO,0.42,,0.42,,0.42,UCS – Dry (MPa),
12,G10%,Ongpeng,2020.0,Ongpeng_2020.0,Philippines,,,,,A-2-7 (AASHTO),41.11,18.14,22.97,,,,,,,,,Fly Ash,Fly Ash,10.0,,,,,Alkaline,Alkaline,NaOH,1.101,,,0.2,,,,,,28.0,Wet (sealed in plastic),ASTM C39 / ASTM C1585 / AASHTO,2.5,,2.5,,2.5,UCS – Dry (MPa),12.83
13,G15%,Ongpeng,2020.0,Ongpeng_2020.0,Philippines,,,,,A-2-7 (AASHTO),41.11,18.14,22.97,,,,,,,,,Fly Ash,Fly Ash,15.0,,,,,Alkaline,Alkaline,NaOH,1.672,,,0.2,,,,,,28.0,Wet (sealed in plastic),ASTM C39 / ASTM C1585 / AASHTO,2.92,,2.92,,2.92,UCS – Dry (MPa),11.83
14,C5%,Ongpeng,2020.0,Ongpeng_2020.0,Philippines,,,,,A-2-7 (AASHTO),41.11,18.14,22.97,,,,,,,,,,,,,,,,,None/NA,,,,,,OPC,5.0,,,,28.0,Wet (sealed in plastic),ASTM C39 / ASTM C1585 / AASHTO,2.5,,2.5,,2.5,UCS – Dry (MPa),16.15
15,C10%,Ongpeng,2020.0,Ongpeng_2020.0,Philippines,,,,,A-2-7 (AASHTO),41.11,18.14,22.97,,,,,,,,,,,,,,,,,None/NA,,,,,,OPC,10.0,,,,28.0,Wet (sealed in plastic),ASTM C39 / ASTM C1585 / AASHTO,3.8,,3.8,,3.8,UCS – Dry (MPa),12.96
16,C15%,Ongpeng,2020.0,Ongpeng_2020.0,Philippines,,,,,A-2-7 (AASHTO),41.11,18.14,22.97,,,,,,,,,,,,,,,,,None/NA,,,,,,OPC,15.0,,,,28.0,Wet (sealed in plastic),ASTM C39 / ASTM C1585 / AASHTO,4.4,,4.4,,4.4,UCS – Dry (MPa),10.39
17,GCEB1,Preethi,2024.0,Preethi_2024.0,India,20.0,,,,Reconstituted Soil (SC20),17.76,11.11,,14.85,52.54,29.63,13.27,0.45,0.32,1.41,0.28,GGBS,Slag (GGBS/GGBFS),15.0,,,1.91,30.39,Alkaline,Alkaline,NaOH,12.0,,,,,0.0,,,1800.0,,80°C in oven for 72 h then dried in lab at 41% RH,IS: 3945; IS: 3495; ASTM C67; IS: 1725,35.99,,,,35.99,UCS – Dry (MPa),11.81
18,GCEB2,Preethi,2024.0,Preethi_2024.0,India,20.0,,,,Reconstituted Soil (SC20),17.76,11.11,,14.85,52.54,29.63,13.27,0.45,0.32,1.41,0.28,Fly ash,Fly Ash,30.0,,,1.4,1.79,Alkaline,Alkaline,NaOH,12.0,,,,,0.0,,,1800.0,,80°C in oven for 72 h then dried in lab at 41% RH,IS: 3945; IS: 3495; ASTM C67; IS: 1725,38.92,,,,38.92,UCS – Dry (MPa),11.9
19,M1,Rivera,2021.0,Rivera_2021.0,Portugal,,,,,"Silty clay (Chaves, Portugal)",,,,,61.74,23.27,5.68,0.33,1.65,5.12,0.58,"Fly Ash (Class F, Pego plant)",Fly Ash,21.7,"Glass Waste (optical lens, amorphous)",21.7,,1.31,Alkaline,Alkaline,Recycled alkaline cleaning solution (Al-industry waste; NaAlO₂-rich),5.3,,,0.5,,,17.0,,1770.0,1.0,85 °C / 20 h (thermal acceler.),UNE 41410:2008; ASTM C618:2012,17.23,,,,17.23,UCS – Dry (MPa),16.21
20,F1,Belayali,2022.0,Belayali_2022.0,"France (Aire-sur-la-Lys sediment; IMT Nord Europe, Lille)",3.91,33.91,62.39,0.0,Silty Sand,,,,,59.26,10.39,3.34,10.42,1.33,1.93,0.67,Fly Ash (Class F),Fly Ash,10.0,,0.0,1.99,2.66,Alkaline,Alkaline,NaOH,8.0,,1.82,1.82,,0.0,18.24,4.0,,14.0,"Plastic-film sealed → oven 50±5 °C, 7 d → ambient climatic chamber to 14/28 d",NF EN 196-1 (UCS); XP P13-901 (capillarity); NF P94-100 (compaction),,,3.5,4.56,3.5,UCS – 28d (MPa),
21,F2,Belayali,2022.0,Belayali_2022.0,France,3.91,33.91,62.39,0.0,Silty Sand,,,,,59.26,10.39,3.34,10.42,1.33,1.93,0.67,Fly Ash (Class F),Fly Ash,20.0,,0.0,1.99,2.66,Alkaline,Alkaline,NaOH,8.0,,0.93,0.93,,0.0,18.64,4.0,,14.0,Same as above,NF EN 196-1; XP P13-901; NF P94-100,,,5.3,5.07,5.3,UCS – 28d (MPa),
22,F3,Belayali,2022.0,Belayali_2022.0,France,3.91,33.91,62.39,0.0,Silty Sand,,,,,59.26,10.39,3.34,10.42,1.33,1.93,0.67,Fly Ash (Class F),Fly Ash,30.0,,0.0,1.99,2.66,Alkaline,Alkaline,NaOH,8.0,,0.64,0.64,,0.0,19.3,4.0,,14.0,Same as above,NF EN 196-1; XP P13-901; NF P94-100,,,6.6,7.16,6.6,UCS – 28d (MPa),
23,F4,Belayali,2022.0,Belayali_2022.0,France,3.91,33.91,62.39,0.0,Silty Sand,,,,,59.26,10.39,3.34,10.42,1.33,1.93,0.67,Fly Ash (Class F),Fly Ash,40.0,,0.0,1.99,2.66,Alkaline,Alkaline,NaOH,8.0,,0.52,0.52,,0.0,20.77,4.0,,14.0,Same as above,NF EN 196-1; XP P13-901; NF P94-100,,,8.94,9.07,8.94,UCS – 28d (MPa),
24,F1′,Belayali,2022.0,Belayali_2022.0,France,3.91,33.91,62.39,0.0,Silty Sand,,,,,59.26,10.39,3.34,10.42,1.33,1.93,0.67,Fly Ash (Class F),Fly Ash,9.0,GBFS,10.0,1.99,2.66,Alkaline,Alkaline,NaOH,8.0,,1.07,1.07,,0.0,20.24,4.0,,14.0,Same as above,NF EN 196-1; XP P13-901; NF P94-100,,,5.8,9.3,5.8,UCS – 28d (MPa),
25,F2′,Belayali,2022.0,Belayali_2022.0,France,3.91,33.91,62.39,0.0,Silty Sand,,,,,59.26,10.39,3.34,10.42,1.33,1.93,0.67,Fly Ash (Class F),Fly Ash,18.0,GBFS,10.0,1.99,2.66,Alkaline,Alkaline,NaOH,8.0,,0.74,0.74,,0.0,20.64,4.0,,14.0,Same as above,NF EN 196-1; XP P13-901; NF P94-100,,,10.0,10.4,10.0,UCS – 28d (MPa),
26,F3′,Belayali,2022.0,Belayali_2022.0,France,3.91,33.91,62.39,0.0,Silty Sand,,,,,59.26,10.39,3.34,10.42,1.33,1.93,0.67,Fly Ash (Class F),Fly Ash,27.0,GBFS,10.0,1.99,2.66,Alkaline,Alkaline,NaOH,8.0,,0.58,0.58,,0.0,21.3,4.0,,14.0,Same as above,NF EN 196-1; XP P13-901; NF P94-100,,,10.8,13.2,10.8,UCS – 28d (MPa),
27,F4′,Belayali,2022.0,Belayali_2022.0,France,3.91,33.91,62.39,0.0,Silty Sand,,,,,59.26,10.39,3.34,10.42,1.33,1.93,0.67,Fly Ash (Class F),Fly Ash,36.0,GBFS,10.0,1.99,2.66,Alkaline,Alkaline,NaOH,8.0,,0.5,0.5,,0.0,22.77,4.0,,14.0,Same as above,NF EN 196-1; XP P13-901; NF P94-100,,,16.18,16.5,16.18,UCS – 28d (MPa),
28,Stabilized Mix,Ftaikhan,2025.0,Ftaikhan_2025.0,Iraq,15.8,6.7,52.5,0.0,"Sand: SP, Fine soil: CH",66.0,27.0,39.0,,,,,,,,,Fly ash (Class F),Fly Ash,25.0,,,,,Alkaline,Alkaline,NaOH,2.0,,,,,0.0,,10.0,,7.0,Inside plastic bags at 35°C,ASTM-D2166; ASTM-C168; ASTM-D1363,,7.97,,30.0,7.97,UCS – 7d (MPa),
29,Raw Mix,Ftaikhan,2025.0,Ftaikhan_2025.0,Iraq,,,,,"Sand: SP, Fine soil: CH",66.0,27.0,39.0,,,,,,,,,,,0.0,,,,,,None/NA,,,,,,,0.0,,,,,,ASTM-C168; ASTM-D1363,,,,,,,
56,SCEB0-25,Idriss,2022.0,Idriss_2022.0,Cameroon,32.8,32.7,21.63,13.33,Silty-clayey,70.44,53.9,16.54,,47.4,25.9,1.87,2.36,1.7,2.5,9.27,Calcined Clay (Metakaolin),Metakaolin/Calcined Clay,0.0,,0.0,1.15,0.1,Alkaline,Alkaline,NaOH + Na₂SiO₃,8.0,,,,,0.0,7.88,,,14.0,,French Standard P.61-503; ASTM D7928; ASTM D4318,5.0,9.7,14.0,1.84,5.0,UCS – Dry (MPa),
57,SCEB0-70,Idriss,2022.0,Idriss_2022.0,Cameroon,32.8,32.7,21.63,13.33,Silty-clayey,70.44,53.9,16.54,,47.4,25.9,1.87,2.36,1.7,2.5,9.27,Calcined Clay (Metakaolin),Metakaolin/Calcined Clay,0.0,,0.0,1.15,0.1,Alkaline,Alkaline,NaOH + Na₂SiO₃,8.0,,,,,0.0,7.88,,,14.0,,French Standard P.61-503; ASTM D7928; ASTM D4318,5.9,11.1,14.0,1.83,5.9,UCS – Dry (MPa),
58,SCEB5-25,Idriss,2022.0,Idriss_2022.0,Cameroon,32.8,32.7,21.63,13.33,Silty-clayey,70.44,53.9,16.54,,47.4,25.9,1.87,2.36,1.7,2.5,9.27,Calcined Clay (Metakaolin),Metakaolin/Calcined Clay,4.2,,0.0,1.15,0.1,Alkaline,Alkaline,NaOH + Na₂SiO₃,8.0,,,0.8,,0.0,11.48,,,14.0,,French Standard P.61-503; ASTM D7928; ASTM D4318,4.0,11.0,14.0,1.22,4.0,UCS – Dry (MPa),
59,SCEB5-70,Idriss,2022.0,Idriss_2022.0,Cameroon,32.8,32.7,21.63,13.33,Silty-clayey,70.44,53.9,16.54,,47.4,25.9,1.87,2.36,1.7,2.5,9.27,Calcined Clay (Metakaolin),Metakaolin/Calcined Clay,4.2,,0.0,1.15,0.1,Alkaline,Alkaline,NaOH + Na₂SiO₃,8.0,,,0.8,,0.0,11.48,,,14.0,,French Standard P.61-503; ASTM D7928; ASTM D4318,4.8,10.6,14.0,1.22,4.8,UCS – Dry (MPa),
60,SCEB10-25,Idriss,2022.0,Idriss_2022.0,Cameroon,32.8,32.7,21.63,13.33,Silty-clayey,70.44,53.9,16.54,,47.4,25.9,1.87,2.36,1.7,2.5,9.27,Calcined Clay (Metakaolin),Metakaolin/Calcined Clay,8.2,,0.0,1.15,0.1,Alkaline,Alkaline,NaOH + Na₂SiO₃,8.0,,,0.8,,0.0,10.78,,,14.0,,French Standard P.61-503; ASTM D7928; ASTM D4318,4.4,14.4,14.0,2.45,4.4,UCS – Dry (MPa),
61,SCEB10-70,Idriss,2022.0,Idriss_2022.0,Cameroon,32.8,32.7,21.63,13.33,Silty-clayey,70.44,53.9,16.54,,47.4,25.9,1.87,2.36,1.7,2.5,9.27,Calcined Clay (Metakaolin),Metakaolin/Calcined Clay,8.2,,0.0,1.15,0.1,Alkaline,Alkaline,NaOH + Na₂SiO₃,8.0,,,0.8,,0.0,10.78,,,14.0,,French Standard P.61-503; ASTM D7928; ASTM D4318,6.0,15.4,14.0,2.45,6.0,UCS – Dry (MPa),
62,SCEB15-25,Idriss,2022.0,Idriss_2022.0,Cameroon,32.8,32.7,21.63,13.33,Silty-clayey,70.44,53.9,16.54,,47.4,25.9,1.87,2.36,1.7,2.5,9.27,Calcined Clay (Metakaolin),Metakaolin/Calcined Clay,12.4,,0.0,1.15,0.1,Alkaline,Alkaline,NaOH + Na₂SiO₃,8.0,,,0.8,,0.0,8.88,,,14.0,,French Standard P.61-503; ASTM D7928; ASTM D4318,5.0,15.0,14.0,2.75,5.0,UCS – Dry (MPa),
63,SCEB15-70,Idriss,2022.0,Idriss_2022.0,Cameroon,32.8,32.7,21.63,13.33,Silty-clayey,70.44,53.9,16.54,,47.4,25.9,1.87,2.36,1.7,2.5,9.27,Calcined Clay (Metakaolin),Metakaolin/Calcined Clay,12.4,,0.0,1.15,0.1,Alkaline,Alkaline,NaOH + Na₂SiO₃,8.0,,,0.8,,0.0,8.88,,,14.0,,French Standard P.61-503; ASTM D7928; ASTM D4318,6.9,20.0,14.0,3.06,6.9,UCS – Dry (MPa),
64,SCEB20-25,Idriss,2022.0,Idriss_2022.0,Cameroon,32.8,32.7,21.63,13.33,Silty-clayey,70.44,53.9,16.54,,47.4,25.9,1.87,2.36,1.7,2.5,9.27,Calcined Clay (Metakaolin),Metakaolin/Calcined Clay,16.1,,0.0,1.15,0.1,Alkaline,Alkaline,NaOH + Na₂SiO₃,8.0,,,0.8,,0.0,6.78,,,14.0,,French Standard P.61-503; ASTM D7928; ASTM D4318,6.9,18.1,14.0,3.06,6.9,UCS – Dry (MPa),
65,SCEB20-70,Idriss,2022.0,Idriss_2022.0,Cameroon,32.8,32.7,21.63,13.33,Silty-clayey,70.44,53.9,16.54,,47.4,25.9,1.87,2.36,1.7,2.5,9.27,Calcined Clay (Metakaolin),Metakaolin/Calcined Clay,16.1,,0.0,1.15,0.1,Alkaline,Alkaline,NaOH + Na₂SiO₃,8.0,,,0.8,,0.0,6.78,,,14.0,,French Standard P.61-503; ASTM D7928; ASTM D4318,9.5,20.0,14.0,3.67,9.5,UCS – Dry (MPa),
66,M1,Kabré,2019.0,Kabré_2019.0,Burkina Faso,6.2,22.5,34.1,37.2,A2,49.0,24.9,24.1,,56.77,21.32,10.0,,0.53,0.27,0.09,,,,,,,,,None/NA,,,,,,,0.0,,,,,13,NF EN ISO 17892 / NF P94-051 / NF P94-068 / NF P94-093 / ISO 5017 / XP P13-901 / ASTM D559-57,7.0,,,1.15,7.0,UCS – Dry (MPa),
67,NS-41C-12M,Preethi,2020.0,Preethi_2020.0,India,41.0,,,,Natural Soil,31.0,19.48,,15.99,24.56,15.68,9.28,0.32,0.19,1.17,0.21,,,0.0,,0.0,,,Alkaline,Alkaline,NaOH,12.0,,,,,0.0,2026.0,,1800.0,,"24h at ambient, then 80°C in oven for 72h",IS 3495 - Part 1 (1992),,,,,,,
68,K-20C-12M,Preethi,2020.0,Preethi_2020.0,India,20.0,,,,Kaolin Clay,37.1,18.87,,16.98,29.82,22.13,1.41,0.61,,0.78,,,,0.0,,0.0,,,Alkaline,Alkaline,NaOH,12.0,,,,,0.0,2026.0,,1800.0,,"24h at ambient, then 80°C in oven for 72h",IS 3495 - Part 1 (1992),,,,,,,
69,NS-30C-15G-12M,Preethi,2020.0,Preethi_2020.0,India,30.0,,,,Natural Soil,31.0,19.48,,15.99,24.56,15.68,9.28,0.32,0.19,1.17,0.21,GGBS,Slag (GGBS/GGBFS),15.0,,0.0,,21.61,Alkaline,Alkaline,NaOH,12.0,,,,,0.0,2026.0,,1800.0,,"24h at ambient, then 80°C in oven for 72h",IS 3495 - Part 1 (1992),,,,,,,
70,K-20C-15G-12M,Preethi,2020.0,Preethi_2020.0,India,20.0,,,,Kaolin Clay,37.1,18.87,,16.98,29.82,22.13,1.41,0.61,,0.78,,GGBS,Slag (GGBS/GGBFS),15.0,,0.0,,21.61,Alkaline,Alkaline,NaOH,12.0,,,,,0.0,2026.0,,1800.0,,"24h at ambient, then 80°C in oven for 72h",IS 3495 - Part 1 (1992),,,,,,,
71,NS-30C-15F-12M,Preethi,2020.0,Preethi_2020.0,India,30.0,,,,Natural Soil,31.0,19.48,,15.99,24.56,15.68,9.28,0.32,0.19,1.17,0.21,Fly Ash,Fly Ash,15.0,,0.0,,1.27,Alkaline,Alkaline,NaOH,12.0,,,,,0.0,2026.0,,1800.0,,"24h at ambient, then 80°C in oven for 72h",IS 3495 - Part 1 (1992),,,,,,,
72,K-20C-15F-12M,Preethi,2020.0,Preethi_2020.0,India,20.0,,,,Kaolin Clay,37.1,18.87,,16.98,29.82,22.13,1.41,0.61,,0.78,,Fly Ash,Fly Ash,15.0,,0.0,,1.27,Alkaline,Alkaline,NaOH,12.0,,,,,0.0,2026.0,,1800.0,,"24h at ambient, then 80°C in oven for 72h",IS 3495 - Part 1 (1992),,,,,,,
73,NS-20C-15G-12M-Brick,Preethi,2020.0,Preethi_2020.0,India,20.0,,,,Natural Soil,31.0,19.48,,15.99,24.56,15.68,9.28,0.32,0.19,1.17,0.21,GGBS,Slag (GGBS/GGBFS),15.0,,0.0,,21.61,Alkaline,Alkaline,NaOH,12.0,,,,,0.0,10.0,,1800.0,,"24h at ambient, then 80°C in oven for 72h",IS 3495 - Part 1 (1992),,,,,,,
74,CEB0 (CEB_Unstabilised),Bammou,2026.0,Bammou_2026.0,Northern France (soil source); study performed in Morocco/France,60.0,,28.0,12.0,,42.13,20.65,21.48,,64.22,14.59,5.66,,,,,,,0.0,,0.0,,,,None/NA,,,,,,,0.0,14.0,12.0,2037.0,28.0,"Reference curing per Talibi et al. protocol: plastic-film cover 24 h then open-air drying (Cure 1), per Section 2.4/Table 4; tested in dry state at 28 d",NF XP P13-901 (mech./dims); NF EN 772-11 (density); NF EN 772-14 (shrinkage); NF EN ISO 17892-12 (Atterberg); EN ISO 22007-2 (thermal); Nordtest (MBV),4.1,,4.1,,4.1,UCS – Dry (MPa),
75,CEB_GP (100GP),Bammou,2026.0,Bammou_2026.0,Northern France (soil source); study performed in Morocco/France,60.0,,28.0,12.0,,42.13,20.65,21.48,,64.22,14.59,5.66,,,,,"Glass powder (recycled, post-consumer)",Glass Waste,20.0,,0.0,37.5,10.0,Alkaline,Alkaline,NaOH,5.0,2.0,,0.55,,0.0,16.25,12.0,,28.0,"Not explicitly specified for this Phase-1 screening mix; final optimised curing for the study was Cure 5 (60°C for 7 d, then open-air drying) per Section 3.2.3/Table 4",NF XP P13-901 (mech./dims); NF EN 772-11 (density); NF EN 772-14 (shrinkage); NF EN ISO 17892-12 (Atterberg); EN ISO 22007-2 (thermal); Nordtest (MBV),5.31,,5.31,,5.31,UCS – Dry (MPa),
76,CEB_MK (100MK),Bammou,2026.0,Bammou_2026.0,Northern France (soil source); study performed in Morocco/France,60.0,,28.0,12.0,,42.13,20.65,21.48,,64.22,14.59,5.66,,,,,Metakaolin,Metakaolin/Calcined Clay,20.0,,0.0,2.05,1.8,Alkaline,Alkaline,NaOH,5.0,2.0,,0.55,,0.0,17.75,12.0,,28.0,"Not explicitly specified for this Phase-1 screening mix; final optimised curing for the study was Cure 5 (60°C for 7 d, then open-air drying) per Section 3.2.3/Table 4",NF XP P13-901 (mech./dims); NF EN 772-11 (density); NF EN 772-14 (shrinkage); NF EN ISO 17892-12 (Atterberg); EN ISO 22007-2 (thermal); Nordtest (MBV),7.7,,7.7,,7.7,UCS – Dry (MPa),
77,"CEB5 (95%GP+5%MK hybrid binder, 5% total content)",Bammou,2026.0,Bammou_2026.0,Northern France (soil source); study performed in Morocco/France,60.0,,28.0,12.0,,42.13,20.65,21.48,,64.22,14.59,5.66,,,,,"Glass powder (recycled, post-consumer)",Glass Waste,4.75,Metakaolin,0.25,21.7,9.59,Alkaline,Alkaline,NaOH,5.0,2.0,,0.55,,0.0,14.75,12.0,2071.0,28.0,"Cure 5 (optimal): 60°C for 7 d under sealed plastic film, followed by open-air drying (per Section 3.2.3/Table 4)",NF XP P13-901 (mech./dims); NF EN 772-11 (density); NF EN 772-14 (shrinkage); NF EN ISO 17892-12 (Atterberg); EN ISO 22007-2 (thermal); Nordtest (MBV),4.79,,4.79,,4.79,UCS – Dry (MPa),
78,"CEB10 (95%GP+5%MK hybrid binder, 10% total content)",Bammou,2026.0,Bammou_2026.0,Northern France (soil source); study performed in Morocco/France,60.0,,28.0,12.0,,42.13,20.65,21.48,,64.22,14.59,5.66,,,,,"Glass powder (recycled, post-consumer)",Glass Waste,9.5,Metakaolin,0.5,21.7,9.59,Alkaline,Alkaline,NaOH,5.0,2.0,,0.55,,0.0,15.5,12.0,2082.0,28.0,"Cure 5 (optimal): 60°C for 7 d under sealed plastic film, followed by open-air drying (per Section 3.2.3/Table 4)",NF XP P13-901 (mech./dims); NF EN 772-11 (density); NF EN 772-14 (shrinkage); NF EN ISO 17892-12 (Atterberg); EN ISO 22007-2 (thermal); Nordtest (MBV),5.45,,5.45,,5.45,UCS – Dry (MPa),
79,"CEB15 (95%GP+5%MK hybrid binder, 15% total content)",Bammou,2026.0,Bammou_2026.0,Northern France (soil source); study performed in Morocco/France,60.0,,28.0,12.0,,42.13,20.65,21.48,,64.22,14.59,5.66,,,,,"Glass powder (recycled, post-consumer)",Glass Waste,14.25,Metakaolin,0.75,21.7,9.59,Alkaline,Alkaline,NaOH,5.0,2.0,,0.55,,0.0,16.25,12.0,2088.0,28.0,"Cure 5 (optimal): 60°C for 7 d under sealed plastic film, followed by open-air drying (per Section 3.2.3/Table 4)",NF XP P13-901 (mech./dims); NF EN 772-11 (density); NF EN 772-14 (shrinkage); NF EN ISO 17892-12 (Atterberg); EN ISO 22007-2 (thermal); Nordtest (MBV),6.96,,6.96,,6.96,UCS – Dry (MPa),
80,"CEB20 (95%GP+5%MK hybrid binder, 20% total content)",Bammou,2026.0,Bammou_2026.0,Northern France (soil source); study performed in Morocco/France,60.0,,28.0,12.0,,42.13,20.65,21.48,,64.22,14.59,5.66,,,,,"Glass powder (recycled, post-consumer)",Glass Waste,19.0,Metakaolin,1.0,21.7,9.59,Alkaline,Alkaline,NaOH,5.0,2.0,,0.55,,0.0,17.25,12.0,2089.0,28.0,"Cure 5 (optimal): 60°C for 7 d under sealed plastic film, followed by open-air drying (per Section 3.2.3/Table 4)",NF XP P13-901 (mech./dims); NF EN 772-11 (density); NF EN 772-14 (shrinkage); NF EN ISO 17892-12 (Atterberg); EN ISO 22007-2 (thermal); Nordtest (MBV),7.65,,7.65,,7.65,UCS – Dry (MPa),
81,CEB8C (CEB_C8),Bammou,2026.0,Bammou_2026.0,Northern France (soil source); study performed in Morocco/France,60.0,,28.0,12.0,,42.13,20.65,21.48,,64.22,14.59,5.66,,,,,,,0.0,,0.0,,,,None/NA,,,,,,"Cement (Type I 42.5R, EN 197-1)",8.0,16.0,12.0,,28.0,"Comparative reference mix; specific cement-curing protocol not detailed (CEBs containing 8% cement made up 'with a similar procedure' to AAB series, per Section 3.2)",NF XP P13-901 (mech./dims); NF EN 772-11 (density); NF EN 772-14 (shrinkage); NF EN ISO 17892-12 (Atterberg); EN ISO 22007-2 (thermal); Nordtest (MBV),7.27,,7.27,,7.27,UCS – Dry (MPa),
91,ICEB,Miranda,2017.0,Miranda_2017.0,"Guimaraes, Northern Portugal",,,,,"Silty sand (SM), USCS (ASTM D2487-06)",28.0,,,,,,,,,,,"Fly ash (Class F, PEGOP thermoelectric plant)",Fly Ash,15.0,,,2.24,3.85,"Alkaline (NaOH + Na2SiO2 solutions, mixed manually)",Alkaline,"NaOH solution + Na2SiO2 solution, mixed at NaOH:Na2SiO2 = 66.7:33.3 (wt./wt., i.e. ~2:1)",12.5,2.0,0.137,,None (AAB used instead of OPC/lime),,0.137,4.0,1850.0,7.0,"Ambient air curing in laboratory, avg. 18°C and 62% RH",NP EN 772-1 (compression of units); ASTM D2487-06 (soil classification); in-house capillarity test (Eq. 1),,1.8,3.2,7.0,3.2,UCS – 28d (MPa),7.5
92,AABEM1,Miranda,2017.0,Miranda_2017.0,"Guimaraes, Northern Portugal",,,,,"Silty sand (SM), USCS (ASTM D2487-06)",28.0,,,,,,,,,,,"Fly ash (Class F, PEGOP thermoelectric plant)",Fly Ash,5.0,,,2.24,3.85,"Alkaline (NaOH + Na2SiO2 solutions, mixed manually)",Alkaline,"NaOH solution + Na2SiO2 solution, mixed at NaOH:Na2SiO2 = 75:25 (wt./wt.)",5.0,2.0,0.324,,None (AAB used instead of OPC/lime),,0.324,,,30.0,"Ambient air curing in laboratory (assumed similar to ICEBs: ~18°C, 62% RH; not explicitly stated for mortars)","EN 1015-3 (flow table); EN 1015-11 (flexural & compressive strength, prisms 40x40x160 mm); NBR 8522-based procedure (Young's modulus, cylinders 50x100 mm)",,,1.8,2.1,1.8,UCS – 28d (MPa),
93,AABEM2,Miranda,2017.0,Miranda_2017.0,"Guimaraes, Northern Portugal",,,,,"Silty sand (SM), USCS (ASTM D2487-06)",28.0,,,,,,,,,,,"Fly ash (Class F, PEGOP thermoelectric plant)",Fly Ash,15.0,,,2.24,3.85,"Alkaline (NaOH + Na2SiO2 solutions, mixed manually)",Alkaline,"NaOH solution + Na2SiO2 solution, mixed at NaOH:Na2SiO2 = 75:25 (wt./wt.)",12.5,2.0,0.323,,None (AAB used instead of OPC/lime),,0.323,,,30.0,"Ambient air curing in laboratory (assumed similar to ICEBs: ~18°C, 62% RH; not explicitly stated for mortars)","EN 1015-3 (flow table); EN 1015-11 (flexural & compressive strength, prisms 40x40x160 mm); NBR 8522-based procedure (Young's modulus, cylinders 50x100 mm)",,,3.0,5.0,3.0,UCS – 28d (MPa),
94,"DSS (dry-stack joints, no mortar)",Miranda,2017.0,Miranda_2017.0,"Guimaraes, Northern Portugal",,,,,"Silty sand (SM), USCS (ASTM D2487-06)",28.0,,,,,,,,,,,"Fly ash (Class F, PEGOP thermoelectric plant) — ICEB units (Table 4); see Notes for joint mortar",Fly Ash,15.0,,,2.24,3.85,"Alkaline (NaOH + Na2SiO2 solutions, mixed manually)",Alkaline,NaOH solution + Na2SiO2 solution (ICEB mix ratio 66.7:33.3 wt./wt.); see Notes for joint mortar activator,12.5,2.0,0.137,,None (AAB used instead of OPC/lime),,,4.0,,90.0,"Ambient air curing in laboratory, avg. 18°C and 62% RH","ASTM C1314-03b (prism compression); EN 1052-1 (wallet compression); EN 1052-3 (shear, prisms)",,,,0.9,0.9,UCS – Other Age (MPa),
95,"M1S (mortared joints, soft mortar AABEM1)",Miranda,2017.0,Miranda_2017.0,"Guimaraes, Northern Portugal",,,,,"Silty sand (SM), USCS (ASTM D2487-06)",28.0,,,,,,,,,,,"Fly ash (Class F, PEGOP thermoelectric plant) — ICEB units (Table 4); see Notes for joint mortar",Fly Ash,15.0,,,2.24,3.85,"Alkaline (NaOH + Na2SiO2 solutions, mixed manually)",Alkaline,NaOH solution + Na2SiO2 solution (ICEB mix ratio 66.7:33.3 wt./wt.); see Notes for joint mortar activator,12.5,2.0,0.137,,None (AAB used instead of OPC/lime),,,4.0,,90.0,"Ambient air curing in laboratory, avg. 18°C and 62% RH","ASTM C1314-03b (prism compression); EN 1052-1 (wallet compression); EN 1052-3 (shear, prisms)",,,,2.9,2.9,UCS – Other Age (MPa),
96,"M2S (mortared joints, stiff mortar AABEM2)",Miranda,2017.0,Miranda_2017.0,"Guimaraes, Northern Portugal",,,,,"Silty sand (SM), USCS (ASTM D2487-06)",28.0,,,,,,,,,,,"Fly ash (Class F, PEGOP thermoelectric plant) — ICEB units (Table 4); see Notes for joint mortar",Fly Ash,15.0,,,2.24,3.85,"Alkaline (NaOH + Na2SiO2 solutions, mixed manually)",Alkaline,NaOH solution + Na2SiO2 solution (ICEB mix ratio 66.7:33.3 wt./wt.); see Notes for joint mortar activator,12.5,2.0,0.137,,None (AAB used instead of OPC/lime),,,4.0,,90.0,"Ambient air curing in laboratory, avg. 18°C and 62% RH","ASTM C1314-03b (prism compression); EN 1052-1 (wallet compression); EN 1052-3 (shear, prisms)",,,,3.4,3.4,UCS – Other Age (MPa),
97,CEB,Kamwa,2024.0,Kamwa_2024.0,Cameroon,22.54,2.94,74.22,0.29,Medium plastic clay (Type B5),43.58,32.11,11.47,,44.4,25.9,9.27,2.36,1.7,1.87,2.5,,,0.0,,0.0,,,,None/NA,,,,,,,0.0,30.0,8.0,,7.0,"Sealed in plastic bags at 25°C, 80% RH",ASTM D7928; ASTM D4318; ASTM C642-06; XP 13-901,0.6,0.68,,90.0,0.6,UCS – Dry (MPa),
98,CEBs0,Kamwa,2024.0,Kamwa_2024.0,Cameroon,22.54,2.94,74.22,0.29,Medium plastic clay (Type B5),43.58,32.11,11.47,,44.4,25.9,9.27,2.36,1.7,1.87,2.5,Natural Pozzolan (Volcanic Ash),Natural Pozzolan,7.5,,0.0,3.03,8.6,Alkaline,Alkaline,NaOH + Na₂SiO₃,10.0,,1.0,1.0,,0.0,30.0,8.0,,7.0,"Sealed in plastic bags at 25°C, 80% RH",ASTM D7928; ASTM D4318; ASTM C642-06; XP 13-901,5.5,2.5,,90.0,5.5,UCS – Dry (MPa),2.6
99,CEBs0.1,Kamwa,2024.0,Kamwa_2024.0,Cameroon,22.54,2.94,74.22,0.29,Medium plastic clay (Type B5),43.58,32.11,11.47,,44.4,25.9,9.27,2.36,1.7,1.87,2.5,Natural Pozzolan (Volcanic Ash),Natural Pozzolan,7.5,,0.0,3.03,8.6,Alkaline,Alkaline,NaOH + Na₂SiO₃,10.0,,1.0,1.0,,0.0,30.0,8.0,,7.0,"Sealed in plastic bags at 25°C, 80% RH",ASTM D7928; ASTM D4318; ASTM C642-06; XP 13-901,5.71,2.5,,90.0,5.71,UCS – Dry (MPa),2.7
100,CEBs0.2,Kamwa,2024.0,Kamwa_2024.0,Cameroon,22.54,2.94,74.22,0.29,Medium plastic clay (Type B5),43.58,32.11,11.47,,44.4,25.9,9.27,2.36,1.7,1.87,2.5,Natural Pozzolan (Volcanic Ash),Natural Pozzolan,7.5,,0.0,3.03,8.6,Alkaline,Alkaline,NaOH + Na₂SiO₃,10.0,,1.0,1.0,,0.0,30.0,8.0,,7.0,"Sealed in plastic bags at 25°C, 80% RH",ASTM D7928; ASTM D4318; ASTM C642-06; XP 13-901,7.18,4.2,,90.0,7.18,UCS – Dry (MPa),2.2
101,CEBs0.3,Kamwa,2024.0,Kamwa_2024.0,Cameroon,22.54,2.94,74.22,0.29,Medium plastic clay (Type B5),43.58,32.11,11.47,,44.4,25.9,9.27,2.36,1.7,1.87,2.5,Natural Pozzolan (Volcanic Ash),Natural Pozzolan,7.5,,0.0,3.03,8.6,Alkaline,Alkaline,NaOH + Na₂SiO₃,10.0,,1.0,1.0,,0.0,30.0,8.0,,7.0,"Sealed in plastic bags at 25°C, 80% RH",ASTM D7928; ASTM D4318; ASTM C642-06; XP 13-901,8.07,5.0,,90.0,8.07,UCS – Dry (MPa),2.0
102,CEBs0.4,Kamwa,2024.0,Kamwa_2024.0,Cameroon,22.54,2.94,74.22,0.29,Medium plastic clay (Type B5),43.58,32.11,11.47,,44.4,25.9,9.27,2.36,1.7,1.87,2.5,Natural Pozzolan (Volcanic Ash),Natural Pozzolan,7.5,,0.0,3.03,8.6,Alkaline,Alkaline,NaOH + Na₂SiO₃,10.0,,1.0,1.0,,0.0,30.0,8.0,,7.0,"Sealed in plastic bags at 25°C, 80% RH",ASTM D7928; ASTM D4318; ASTM C642-06; XP 13-901,8.08,5.3,,90.0,8.08,UCS – Dry (MPa),1.9
103,CEBs0.5,Kamwa,2024.0,Kamwa_2024.0,Cameroon,22.54,2.94,74.22,0.29,Medium plastic clay (Type B5),43.58,32.11,11.47,,44.4,25.9,9.27,2.36,1.7,1.87,2.5,Natural Pozzolan (Volcanic Ash),Natural Pozzolan,7.5,,0.0,3.03,8.6,Alkaline,Alkaline,NaOH + Na₂SiO₃,10.0,,1.0,1.0,,0.0,30.0,8.0,,7.0,"Sealed in plastic bags at 25°C, 80% RH",ASTM D7928; ASTM D4318; ASTM C642-06; XP 13-901,6.06,3.1,,90.0,6.06,UCS – Dry (MPa),1.9
104,CL-9,Hany,2021.0,Hany_2021.0,"Egypt (New Cairo soil; bricks manufactured in Abu Rawash, Cairo)",5.59,12.11,77.09,5.22,N/A (described only as sandy soil; no USCS/AASHTO class given),,,0.0,,,,,,,,,,,,,,,,,None/NA,,,,,,Cement,10.0,,9.0,1916.0,,"Covered with plastic sheets 48 h, then wet burlap + plastic sheet until test age (28 d, except as-received UCS also at 7 d)","ECRE (Egyptian Code for Rammed Earth); ASTM C1314 (masonry prism); ASTM C270 / C109 (mortar); ISO 22007-2 (thermal, hot-disk)",,6.99,6.99,,6.99,UCS – 28d (MPa),9.3
105,CL-16,Hany,2021.0,Hany_2021.0,"Egypt (New Cairo soil; bricks manufactured in Abu Rawash, Cairo)",5.59,12.11,77.09,5.22,N/A (described only as sandy soil; no USCS/AASHTO class given),,,0.0,,,,,,,,,,,,,,,,,None/NA,,,,,,Cement,10.0,,16.0,1995.0,,"Covered with plastic sheets 48 h, then wet burlap + plastic sheet until test age (28 d, except as-received UCS also at 7 d)","ECRE (Egyptian Code for Rammed Earth); ASTM C1314 (masonry prism); ASTM C270 / C109 (mortar); ISO 22007-2 (thermal, hot-disk)",9.89,7.0,8.58,,9.89,UCS – Dry (MPa),6.2
106,MK40,Hany,2021.0,Hany_2021.0,"Egypt (New Cairo soil; bricks manufactured in Abu Rawash, Cairo)",5.59,12.11,77.09,5.22,N/A (described only as sandy soil; no USCS/AASHTO class given),,,0.0,,,,,,,,,Calcined Metakaolin (MK),Metakaolin/Calcined Clay,4.0,,,1.225,0.36,,None/NA,,,,,,Cement,6.0,,16.0,1975.0,,"Covered with plastic sheets 48 h, then wet burlap + plastic sheet until test age (28 d, except as-received UCS also at 7 d)","ECRE (Egyptian Code for Rammed Earth); ASTM C1314 (masonry prism); ASTM C270 / C109 (mortar); ISO 22007-2 (thermal, hot-disk)",8.7,7.2,8.0,,8.7,UCS – Dry (MPa),7.5
107,SF20,Hany,2021.0,Hany_2021.0,"Egypt (New Cairo soil; bricks manufactured in Abu Rawash, Cairo)",5.59,12.11,77.09,5.22,N/A (described only as sandy soil; no USCS/AASHTO class given),,,0.0,,,,,,,,,Silica Fume (SF),Silica Fume,2.0,,,314.7,0.98,,None/NA,,,,,,Cement,8.0,,16.0,1975.0,,"Covered with plastic sheets 48 h, then wet burlap + plastic sheet until test age (28 d, except as-received UCS also at 7 d)","ECRE (Egyptian Code for Rammed Earth); ASTM C1314 (masonry prism); ASTM C270 / C109 (mortar); ISO 22007-2 (thermal, hot-disk)",8.7,5.0,7.3,,8.7,UCS – Dry (MPa),7.8
108,SF30,Hany,2021.0,Hany_2021.0,"Egypt (New Cairo soil; bricks manufactured in Abu Rawash, Cairo)",5.59,12.11,77.09,5.22,N/A (described only as sandy soil; no USCS/AASHTO class given),,,0.0,,,,,,,,,Silica Fume (SF),Silica Fume,3.0,,,314.7,0.98,,None/NA,,,,,,Cement,7.0,,16.0,1912.0,,"Covered with plastic sheets 48 h, then wet burlap + plastic sheet until test age (28 d, except as-received UCS also at 7 d)","ECRE (Egyptian Code for Rammed Earth); ASTM C1314 (masonry prism); ASTM C270 / C109 (mortar); ISO 22007-2 (thermal, hot-disk)",8.6,6.4,6.7,,8.6,UCS – Dry (MPa),9.2
109,RHA10,Hany,2021.0,Hany_2021.0,"Egypt (New Cairo soil; bricks manufactured in Abu Rawash, Cairo)",5.59,12.11,77.09,5.22,N/A (described only as sandy soil; no USCS/AASHTO class given),,,0.0,,,,,,,,,Rice Husk Ash (RHA),Rice Husk Ash,1.0,,,269.7,2.7,,None/NA,,,,,,Cement,9.0,,16.0,1978.0,,"Covered with plastic sheets 48 h, then wet burlap + plastic sheet until test age (28 d, except as-received UCS also at 7 d)","ECRE (Egyptian Code for Rammed Earth); ASTM C1314 (masonry prism); ASTM C270 / C109 (mortar); ISO 22007-2 (thermal, hot-disk)",10.0,6.5,8.4,,10.0,UCS – Dry (MPa),7.7
110,FA80,Hany,2021.0,Hany_2021.0,"Egypt (New Cairo soil; bricks manufactured in Abu Rawash, Cairo)",5.59,12.11,77.09,5.22,N/A (described only as sandy soil; no USCS/AASHTO class given),,,0.0,,,,,,,,,"Fly Ash (FA, Type F)",Fly Ash,8.0,,,2.01,2.04,Alkaline,Alkaline,"NaOH + Na2SiO3 (combined, ratio 1:2)",14.0,44.03,,0.25,Cement,2.0,,16.0,1930.0,,"Covered with plastic sheets 48 h, then wet burlap + plastic sheet until test age (28 d, except as-received UCS also at 7 d)","ECRE (Egyptian Code for Rammed Earth); ASTM C1314 (masonry prism); ASTM C270 / C109 (mortar); ISO 22007-2 (thermal, hot-disk)",9.0,7.8,7.9,,9.0,UCS – Dry (MPa),8.7
111,GGBS100,Hany,2021.0,Hany_2021.0,"Egypt (New Cairo soil; bricks manufactured in Abu Rawash, Cairo)",5.59,12.11,77.09,5.22,N/A (described only as sandy soil; no USCS/AASHTO class given),,,0.0,,,,,,,,,GGBS (Ground Granulated Blast Furnace Slag),Slag (GGBS/GGBFS),10.0,,,1.97,48.14,Alkaline,Alkaline,"NaOH + Na2SiO3 (combined, ratio 1:2)",14.0,44.03,,0.25,None (full replacement),0.0,,16.0,1950.0,,"Covered with plastic sheets 48 h, then wet burlap + plastic sheet until test age (28 d, except as-received UCS also at 7 d)","ECRE (Egyptian Code for Rammed Earth); ASTM C1314 (masonry prism); ASTM C270 / C109 (mortar); ISO 22007-2 (thermal, hot-disk)",9.2,8.3,8.8,,9.2,UCS – Dry (MPa),8.5
112,CL-PF-0.15,Hany,2021.0,Hany_2021.0,"Egypt (New Cairo soil; bricks manufactured in Abu Rawash, Cairo)",5.59,12.11,77.09,5.22,N/A (described only as sandy soil; no USCS/AASHTO class given),,,0.0,,,,,,,,,,,,,,,,,None/NA,,,,,,Cement,10.0,,16.0,1830.0,,"Covered with plastic sheets 48 h, then wet burlap + plastic sheet until test age (28 d, except as-received UCS also at 7 d)","ECRE (Egyptian Code for Rammed Earth); ASTM C1314 (masonry prism); ASTM C270 / C109 (mortar); ISO 22007-2 (thermal, hot-disk)",8.8,5.6,7.6,,8.8,UCS – Dry (MPa),7.7
113,CL-PF-0.25,Hany,2021.0,Hany_2021.0,"Egypt (New Cairo soil; bricks manufactured in Abu Rawash, Cairo)",5.59,12.11,77.09,5.22,N/A (described only as sandy soil; no USCS/AASHTO class given),,,0.0,,,,,,,,,,,,,,,,,None/NA,,,,,,Cement,10.0,,16.0,1750.0,,"Covered with plastic sheets 48 h, then wet burlap + plastic sheet until test age (28 d, except as-received UCS also at 7 d)","ECRE (Egyptian Code for Rammed Earth); ASTM C1314 (masonry prism); ASTM C270 / C109 (mortar); ISO 22007-2 (thermal, hot-disk)",6.0,4.2,5.07,,6.0,UCS – Dry (MPa),8.3
114,CL-PF-0.5,Hany,2021.0,Hany_2021.0,"Egypt (New Cairo soil; bricks manufactured in Abu Rawash, Cairo)",5.59,12.11,77.09,5.22,N/A (described only as sandy soil; no USCS/AASHTO class given),,,0.0,,,,,,,,,,,,,,,,,None/NA,,,,,,Cement,10.0,,16.0,1480.0,,"Covered with plastic sheets 48 h, then wet burlap + plastic sheet until test age (28 d, except as-received UCS also at 7 d)","ECRE (Egyptian Code for Rammed Earth); ASTM C1314 (masonry prism); ASTM C270 / C109 (mortar); ISO 22007-2 (thermal, hot-disk)",5.0,3.64,4.47,,5.0,UCS – Dry (MPa),9.36
115,CL-RH-0.25,Hany,2021.0,Hany_2021.0,"Egypt (New Cairo soil; bricks manufactured in Abu Rawash, Cairo)",5.59,12.11,77.09,5.22,N/A (described only as sandy soil; no USCS/AASHTO class given),,,0.0,,,,,,,,,,,,,,,,,None/NA,,,,,,Cement,10.0,,16.0,1970.0,,"Covered with plastic sheets 48 h, then wet burlap + plastic sheet until test age (28 d, except as-received UCS also at 7 d)","ECRE (Egyptian Code for Rammed Earth); ASTM C1314 (masonry prism); ASTM C270 / C109 (mortar); ISO 22007-2 (thermal, hot-disk)",9.5,7.05,8.86,,9.5,UCS – Dry (MPa),7.6
116,CL-RH-0.5,Hany,2021.0,Hany_2021.0,"Egypt (New Cairo soil; bricks manufactured in Abu Rawash, Cairo)",5.59,12.11,77.09,5.22,N/A (described only as sandy soil; no USCS/AASHTO class given),,,0.0,,,,,,,,,,,,,,,,,None/NA,,,,,,Cement,10.0,,16.0,1965.0,,"Covered with plastic sheets 48 h, then wet burlap + plastic sheet until test age (28 d, except as-received UCS also at 7 d)","ECRE (Egyptian Code for Rammed Earth); ASTM C1314 (masonry prism); ASTM C270 / C109 (mortar); ISO 22007-2 (thermal, hot-disk)",9.6,7.08,8.97,,9.6,UCS – Dry (MPa),9.05
117,GGBS-PF-0.15,Hany,2021.0,Hany_2021.0,"Egypt (New Cairo soil; bricks manufactured in Abu Rawash, Cairo)",5.59,12.11,77.09,5.22,N/A (described only as sandy soil; no USCS/AASHTO class given),,,0.0,,,,,,,,,GGBS,Slag (GGBS/GGBFS),10.0,,,1.97,48.14,Alkaline,Alkaline,"NaOH + Na2SiO3 (combined, ratio 1:2)",14.0,44.03,,0.25,None (full replacement),0.0,,16.0,1830.0,,"Covered with plastic sheets 48 h, then wet burlap + plastic sheet until test age (28 d, except as-received UCS also at 7 d)","ECRE (Egyptian Code for Rammed Earth); ASTM C1314 (masonry prism); ASTM C270 / C109 (mortar); ISO 22007-2 (thermal, hot-disk)",8.7,8.7,8.0,,8.7,UCS – Dry (MPa),8.6
118,GGBS-PF-0.25,Hany,2021.0,Hany_2021.0,"Egypt (New Cairo soil; bricks manufactured in Abu Rawash, Cairo)",5.59,12.11,77.09,5.22,N/A (described only as sandy soil; no USCS/AASHTO class given),,,0.0,,,,,,,,,GGBS,Slag (GGBS/GGBFS),10.0,,,1.97,48.14,Alkaline,Alkaline,"NaOH + Na2SiO3 (combined, ratio 1:2)",14.0,44.03,,0.25,None (full replacement),0.0,,16.0,1750.0,,"Covered with plastic sheets 48 h, then wet burlap + plastic sheet until test age (28 d, except as-received UCS also at 7 d)","ECRE (Egyptian Code for Rammed Earth); ASTM C1314 (masonry prism); ASTM C270 / C109 (mortar); ISO 22007-2 (thermal, hot-disk)",6.7,5.8,5.98,,6.7,UCS – Dry (MPa),8.7
119,GGBS-RH-0.5,Hany,2021.0,Hany_2021.0,"Egypt (New Cairo soil; bricks manufactured in Abu Rawash, Cairo)",5.59,12.11,77.09,5.22,N/A (described only as sandy soil; no USCS/AASHTO class given),,,0.0,,,,,,,,,GGBS,Slag (GGBS/GGBFS),10.0,,,1.97,48.14,Alkaline,Alkaline,"NaOH + Na2SiO3 (combined, ratio 1:2)",14.0,44.03,,0.25,None (full replacement),0.0,,16.0,1960.0,,"Covered with plastic sheets 48 h, then wet burlap + plastic sheet until test age (28 d, except as-received UCS also at 7 d)","ECRE (Egyptian Code for Rammed Earth); ASTM C1314 (masonry prism); ASTM C270 / C109 (mortar); ISO 22007-2 (thermal, hot-disk)",,5.89,9.06,,9.06,UCS – 28d (MPa),7.5
120,FA80-PF-0.15,Hany,2021.0,Hany_2021.0,"Egypt (New Cairo soil; bricks manufactured in Abu Rawash, Cairo)",5.59,12.11,77.09,5.22,N/A (described only as sandy soil; no USCS/AASHTO class given),,,0.0,,,,,,,,,Fly Ash (FA),Fly Ash,8.0,,,2.01,2.04,Alkaline,Alkaline,"NaOH + Na2SiO3 (combined, ratio 1:2)",14.0,44.03,,0.25,Cement,2.0,,16.0,1780.0,,"Covered with plastic sheets 48 h, then wet burlap + plastic sheet until test age (28 d, except as-received UCS also at 7 d)","ECRE (Egyptian Code for Rammed Earth); ASTM C1314 (masonry prism); ASTM C270 / C109 (mortar); ISO 22007-2 (thermal, hot-disk)",11.0,8.0,9.0,,11.0,UCS – Dry (MPa),8.8
121,FA80-PF-0.25,Hany,2021.0,Hany_2021.0,"Egypt (New Cairo soil; bricks manufactured in Abu Rawash, Cairo)",5.59,12.11,77.09,5.22,N/A (described only as sandy soil; no USCS/AASHTO class given),,,0.0,,,,,,,,,Fly Ash (FA),Fly Ash,8.0,,,2.01,2.04,Alkaline,Alkaline,"NaOH + Na2SiO3 (combined, ratio 1:2)",14.0,44.03,,0.25,Cement,2.0,,16.0,1650.0,,"Covered with plastic sheets 48 h, then wet burlap + plastic sheet until test age (28 d, except as-received UCS also at 7 d)","ECRE (Egyptian Code for Rammed Earth); ASTM C1314 (masonry prism); ASTM C270 / C109 (mortar); ISO 22007-2 (thermal, hot-disk)",8.3,5.7,7.3,,8.3,UCS – Dry (MPa),9.7
122,FA80-PF-0.5,Hany,2021.0,Hany_2021.0,"Egypt (New Cairo soil; bricks manufactured in Abu Rawash, Cairo)",5.59,12.11,77.09,5.22,N/A (described only as sandy soil; no USCS/AASHTO class given),,,0.0,,,,,,,,,Fly Ash (FA),Fly Ash,8.0,,,2.01,2.04,Alkaline,Alkaline,"NaOH + Na2SiO3 (combined, ratio 1:2)",14.0,44.03,,0.25,Cement,2.0,,16.0,1500.0,,"Covered with plastic sheets 48 h, then wet burlap + plastic sheet until test age (28 d, except as-received UCS also at 7 d)","ECRE (Egyptian Code for Rammed Earth); ASTM C1314 (masonry prism); ASTM C270 / C109 (mortar); ISO 22007-2 (thermal, hot-disk)",5.7,5.0,5.2,,5.7,UCS – Dry (MPa),10.7
123,FA80-RH-0.25,Hany,2021.0,Hany_2021.0,"Egypt (New Cairo soil; bricks manufactured in Abu Rawash, Cairo)",5.59,12.11,77.09,5.22,N/A (described only as sandy soil; no USCS/AASHTO class given),,,0.0,,,,,,,,,Fly Ash (FA),Fly Ash,8.0,,,2.01,2.04,Alkaline,Alkaline,"NaOH + Na2SiO3 (combined, ratio 1:2)",14.0,44.03,,0.25,Cement,2.0,,16.0,1965.0,,"Covered with plastic sheets 48 h, then wet burlap + plastic sheet until test age (28 d, except as-received UCS also at 7 d)","ECRE (Egyptian Code for Rammed Earth); ASTM C1314 (masonry prism); ASTM C270 / C109 (mortar); ISO 22007-2 (thermal, hot-disk)",,7.25,12.09,,12.09,UCS – 28d (MPa),5.39
124,FA80-RH-0.5,Hany,2021.0,Hany_2021.0,"Egypt (New Cairo soil; bricks manufactured in Abu Rawash, Cairo)",5.59,12.11,77.09,5.22,N/A (described only as sandy soil; no USCS/AASHTO class given),,,0.0,,,,,,,,,Fly Ash (FA),Fly Ash,8.0,,,2.01,2.04,Alkaline,Alkaline,"NaOH + Na2SiO3 (combined, ratio 1:2)",14.0,44.03,,0.25,Cement,2.0,,16.0,1960.0,,"Covered with plastic sheets 48 h, then wet burlap + plastic sheet until test age (28 d, except as-received UCS also at 7 d)","ECRE (Egyptian Code for Rammed Earth); ASTM C1314 (masonry prism); ASTM C270 / C109 (mortar); ISO 22007-2 (thermal, hot-disk)",,5.15,9.24,,9.24,UCS – 28d (MPa),7.0
125,Treatment 1,Villapa,,Villapa_unknown,Philippines,,,,,Silty clay,,,,,,,,,,,,Coconut Husk Ash,Other,4.0,Rice Husk Ash,4.0,,,Sea water,Sea water,Sea water,,,0.25,0.25,,0.0,,,,7.0,Air-dried,ASTM C129,,10.23,20.07,14.0,20.07,UCS – 28d (MPa),
126,Treatment 2,Villapa,,Villapa_unknown,Philippines,,,,,Silty clay,,,,,,,,,,,,Coconut Husk Ash,Other,8.0,Rice Husk Ash,8.0,,,Sea water,Sea water,Sea water,,,0.25,0.25,,0.0,,,,7.0,Air-dried,ASTM C129,,8.13,8.6,14.0,8.6,UCS – 28d (MPa),
127,Treatment 3,Villapa,,Villapa_unknown,Philippines,,,,,Silty clay,,,,,,,,,,,,Coconut Husk Ash,Other,12.0,Rice Husk Ash,12.0,,,Sea water,Sea water,Sea water,,,0.25,0.25,,0.0,,,,7.0,Air-dried,ASTM C129,,5.53,7.07,14.0,7.07,UCS – 28d (MPa),
128,LAGP,Mimboe,2020.0,Mimboe_2020.0,"Cameroon (Mekak locality, near Yaoundé)",33.3,64.9,1.8,,,56.28,35.32,20.96,,52.3,21.68,10.68,0.08,0.12,0.31,,"Calcined laterite (CLA, 700 °C/4h)",Other,0.0,,,4.09,0.08,Acidic,Acidic,"Phosphoric acid solution (H₃PO₄, diluted to 58 wt%)",,,0.74,,,,7.4,15.0,2128.0,9.0,Sealed (plastic bag) 7d @ 25±3°C + oven 48h @ 65°C; +24h water immersion @25±3°C for wet test,ASTM D4318 (Atterberg); ASTM D422 (grain size); ASTM C642-06 (water absorption/density),18.0,,,,18.0,UCS – Dry (MPa),9.83
129,LA5,Mimboe,2020.0,Mimboe_2020.0,"Cameroon (Mekak locality, near Yaoundé)",33.3,64.9,1.8,,,56.28,35.32,20.96,,52.3,21.68,10.68,0.08,0.12,0.31,,"Calcined laterite (CLA, 700 °C/4h)",Other,5.0,,,4.09,0.08,Acidic,Acidic,"Phosphoric acid solution (H₃PO₄, diluted to 58 wt%)",,,1.19,0.8,,,10.7,15.0,1980.0,9.0,Sealed (plastic bag) 7d @ 25±3°C + oven 48h @ 65°C; +24h water immersion @25±3°C for wet test,ASTM D4318 (Atterberg); ASTM D422 (grain size); ASTM C642-06 (water absorption/density),17.0,,,,17.0,UCS – Dry (MPa),14.18
130,LA10,Mimboe,2020.0,Mimboe_2020.0,"Cameroon (Mekak locality, near Yaoundé)",33.3,64.9,1.8,,,56.28,35.32,20.96,,52.3,21.68,10.68,0.08,0.12,0.31,,"Calcined laterite (CLA, 700 °C/4h)",Other,10.0,,,4.09,0.08,Acidic,Acidic,"Phosphoric acid solution (H₃PO₄, diluted to 58 wt%)",,,0.51,0.8,,,9.1,15.0,1957.0,9.0,Sealed (plastic bag) 7d @ 25±3°C + oven 48h @ 65°C; +24h water immersion @25±3°C for wet test,ASTM D4318 (Atterberg); ASTM D422 (grain size); ASTM C642-06 (water absorption/density),28.5,,,,28.5,UCS – Dry (MPa),12.32
131,LA15,Mimboe,2020.0,Mimboe_2020.0,"Cameroon (Mekak locality, near Yaoundé)",33.3,64.9,1.8,,,56.28,35.32,20.96,,52.3,21.68,10.68,0.08,0.12,0.31,,"Calcined laterite (CLA, 700 °C/4h)",Other,15.0,,,4.09,0.08,Acidic,Acidic,"Phosphoric acid solution (H₃PO₄, diluted to 58 wt%)",,,0.27,0.8,,,7.4,15.0,1918.0,9.0,Sealed (plastic bag) 7d @ 25±3°C + oven 48h @ 65°C; +24h water immersion @25±3°C for wet test,ASTM D4318 (Atterberg); ASTM D422 (grain size); ASTM C642-06 (water absorption/density),32.0,,,,32.0,UCS – Dry (MPa),11.4
132,LA20,Mimboe,2020.0,Mimboe_2020.0,"Cameroon (Mekak locality, near Yaoundé)",33.3,64.9,1.8,,,56.28,35.32,20.96,,52.3,21.68,10.68,0.08,0.12,0.31,,"Calcined laterite (CLA, 700 °C/4h)",Other,20.0,,,4.09,0.08,Acidic,Acidic,"Phosphoric acid solution (H₃PO₄, diluted to 58 wt%)",,,0.16,0.8,,,5.6,15.0,1857.0,9.0,Sealed (plastic bag) 7d @ 25±3°C + oven 48h @ 65°C; +24h water immersion @25±3°C for wet test,ASTM D4318 (Atterberg); ASTM D422 (grain size); ASTM C642-06 (water absorption/density),38.3,,,,38.3,UCS – Dry (MPa),9.36
133,RE-CDW-CL,Narayanaswamy,2020.0,Narayanaswamy_2020.0,"India (Bengaluru, Karnataka) – materials & specimens; long-term (Series 2) retesting at Univ. of Bath, UK",25.0,17.0,55.0,3.0,,34.4,20.2,14.2,,,,,,,,,,,,,,1.46,,,None/NA,,,,,,Portland Cement (Grade 53) + Hydrated Lime,7.0,10.0,,1900.0,28.0,"Moist-cured under damp burlap, 28 days",N/A (no specific compression-test code cited; BS EN 1996:2005 used only for fk prediction; BS EN 772-1:2011 shape factor for normalisation),,,3.06,3.5,3.06,UCS – 28d (MPa),12.7
134,RE-MS-CL,Narayanaswamy,2020.0,Narayanaswamy_2020.0,"India (Bengaluru, Karnataka) – materials & specimens; long-term (Series 2) retesting at Univ. of Bath, UK",25.0,17.0,55.0,3.0,,34.4,20.2,14.2,,,,,,,,,,,,,,1.46,,,None/NA,,,,,,Portland Cement (Grade 53) + Hydrated Lime,7.0,10.0,,1905.0,28.0,"Moist-cured under damp burlap, 28 days",N/A (no specific compression-test code cited; BS EN 1996:2005 used only for fk prediction; BS EN 772-1:2011 shape factor for normalisation),,,2.7,3.2,2.7,UCS – 28d (MPa),12.0
135,RE-PGBS-CL,Narayanaswamy,2020.0,Narayanaswamy_2020.0,"India (Bengaluru, Karnataka) – materials & specimens; long-term (Series 2) retesting at Univ. of Bath, UK",25.0,17.0,55.0,3.0,,34.4,20.2,14.2,,,,,,,,,,,,,,1.46,,,None/NA,,,,,,Portland Cement (Grade 53) + Hydrated Lime,7.0,10.0,,1915.0,28.0,"Moist-cured under damp burlap, 28 days",N/A (no specific compression-test code cited; BS EN 1996:2005 used only for fk prediction; BS EN 772-1:2011 shape factor for normalisation),,,4.05,4.1,4.05,UCS – 28d (MPa),11.0
136,RE-CDW-AA,Narayanaswamy,2020.0,Narayanaswamy_2020.0,"India (Bengaluru, Karnataka) – materials & specimens; long-term (Series 2) retesting at Univ. of Bath, UK",25.0,17.0,55.0,3.0,,34.4,20.2,14.2,,,,,,,,,"Fly Ash (FA, from Raichur Thermal Power Plant)",Fly Ash,15.0,,,1.46,,Alkaline,Alkaline,NaOH,12.0,,0.67,0.67,,,10.0,,1890.0,3.0,"Heat-cured at 80 °C for 3 days (72 h), then air-dried in laboratory (≥28 days before initial test)",N/A (no specific compression-test code cited; BS EN 1996:2005 used only for fk prediction; BS EN 772-1:2011 shape factor for normalisation),,,31.0,6.9,31.0,UCS – 28d (MPa),12.3
137,RE-MS-AA,Narayanaswamy,2020.0,Narayanaswamy_2020.0,"India (Bengaluru, Karnataka) – materials & specimens; long-term (Series 2) retesting at Univ. of Bath, UK",25.0,17.0,55.0,3.0,,34.4,20.2,14.2,,,,,,,,,"Fly Ash (FA, from Raichur Thermal Power Plant)",Fly Ash,15.0,,,1.46,,Alkaline,Alkaline,NaOH,12.0,,0.67,0.67,,,10.0,,1900.0,3.0,"Heat-cured at 80 °C for 3 days (72 h), then air-dried in laboratory (≥28 days before initial test)",N/A (no specific compression-test code cited; BS EN 1996:2005 used only for fk prediction; BS EN 772-1:2011 shape factor for normalisation),,,31.0,6.0,31.0,UCS – 28d (MPa),11.4
138,RE-PGBS-AA,Narayanaswamy,2020.0,Narayanaswamy_2020.0,"India (Bengaluru, Karnataka) – materials & specimens; long-term (Series 2) retesting at Univ. of Bath, UK",25.0,17.0,55.0,3.0,,34.4,20.2,14.2,,,,,,,,,"Fly Ash (FA, from Raichur Thermal Power Plant)",Fly Ash,15.0,,,1.46,,Alkaline,Alkaline,NaOH,12.0,,0.67,0.67,,,10.0,,1915.0,3.0,"Heat-cured at 80 °C for 3 days (72 h), then air-dried in laboratory (≥28 days before initial test)",N/A (no specific compression-test code cited; BS EN 1996:2005 used only for fk prediction; BS EN 772-1:2011 shape factor for normalisation),,,31.0,14.2,31.0,UCS – 28d (MPa),10.7
139,CEB-CDW-CL,Narayanaswamy,2020.0,Narayanaswamy_2020.0,"India (Bengaluru, Karnataka) – materials & specimens; long-term (Series 2) retesting at Univ. of Bath, UK",25.0,17.0,55.0,3.0,,34.4,20.2,14.2,,,,,,,,,,,,,,1.46,,,None/NA,,,,,,Portland Cement (Grade 53) + Hydrated Lime,7.0,10.0,,1940.0,28.0,"Moist-cured under damp burlap, 28 days",N/A (no specific compression-test code cited; BS EN 1996:2005 used only for fk prediction; BS EN 772-1:2011 shape factor for normalisation),,,6.7,9.1,6.7,UCS – 28d (MPa),13.9
140,CEB-MS-CL,Narayanaswamy,2020.0,Narayanaswamy_2020.0,"India (Bengaluru, Karnataka) – materials & specimens; long-term (Series 2) retesting at Univ. of Bath, UK",25.0,17.0,55.0,3.0,,34.4,20.2,14.2,,,,,,,,,,,,,,1.46,,,None/NA,,,,,,Portland Cement (Grade 53) + Hydrated Lime,7.0,10.0,,1950.0,28.0,"Moist-cured under damp burlap, 28 days",N/A (no specific compression-test code cited; BS EN 1996:2005 used only for fk prediction; BS EN 772-1:2011 shape factor for normalisation),,,7.8,9.3,7.8,UCS – 28d (MPa),12.1
141,CEB-PGBS-CL,Narayanaswamy,2020.0,Narayanaswamy_2020.0,"India (Bengaluru, Karnataka) – materials & specimens; long-term (Series 2) retesting at Univ. of Bath, UK",25.0,17.0,55.0,3.0,,34.4,20.2,14.2,,,,,,,,,,,,,,1.46,,,None/NA,,,,,,Portland Cement (Grade 53) + Hydrated Lime,7.0,10.0,,1880.0,28.0,"Moist-cured under damp burlap, 28 days",N/A (no specific compression-test code cited; BS EN 1996:2005 used only for fk prediction; BS EN 772-1:2011 shape factor for normalisation),,,8.9,11.6,8.9,UCS – 28d (MPa),14.2
142,CEB-CDW-AA,Narayanaswamy,2020.0,Narayanaswamy_2020.0,"India (Bengaluru, Karnataka) – materials & specimens; long-term (Series 2) retesting at Univ. of Bath, UK",25.0,17.0,55.0,3.0,,34.4,20.2,14.2,,,,,,,,,"Fly Ash (FA, from Raichur Thermal Power Plant)",Fly Ash,15.0,,,1.46,,Alkaline,Alkaline,NaOH,12.0,,0.67,0.67,,,10.0,,1955.0,31.0,"Heat-cured at 80 °C for 3 days (72 h), then air-dried in laboratory (≥28 days before initial test)",N/A (no specific compression-test code cited; BS EN 1996:2005 used only for fk prediction; BS EN 772-1:2011 shape factor for normalisation),,,31.0,19.1,31.0,UCS – 28d (MPa),12.3
143,CEB-MS-AA,Narayanaswamy,2020.0,Narayanaswamy_2020.0,"India (Bengaluru, Karnataka) – materials & specimens; long-term (Series 2) retesting at Univ. of Bath, UK",25.0,17.0,55.0,3.0,,34.4,20.2,14.2,,,,,,,,,"Fly Ash (FA, from Raichur Thermal Power Plant)",Fly Ash,15.0,,,1.46,,Alkaline,Alkaline,NaOH,12.0,,0.67,0.67,,,10.0,,1985.0,31.0,"Heat-cured at 80 °C for 3 days (72 h), then air-dried in laboratory (≥28 days before initial test)",N/A (no specific compression-test code cited; BS EN 1996:2005 used only for fk prediction; BS EN 772-1:2011 shape factor for normalisation),,,31.0,24.0,31.0,UCS – 28d (MPa),10.9
144,CEB-PGBS-AA,Narayanaswamy,2020.0,Narayanaswamy_2020.0,"India (Bengaluru, Karnataka) – materials & specimens; long-term (Series 2) retesting at Univ. of Bath, UK",25.0,17.0,55.0,3.0,,34.4,20.2,14.2,,,,,,,,,"Fly Ash (FA, from Raichur Thermal Power Plant)",Fly Ash,15.0,,,1.46,,Alkaline,Alkaline,NaOH,12.0,,0.67,0.67,,,10.0,,1945.0,31.0,"Heat-cured at 80 °C for 3 days (72 h), then air-dried in laboratory (≥28 days before initial test)",N/A (no specific compression-test code cited; BS EN 1996:2005 used only for fk prediction; BS EN 772-1:2011 shape factor for normalisation),,,31.0,27.9,31.0,UCS – 28d (MPa),11.1
145,MP-CDW-CL,Narayanaswamy,2020.0,Narayanaswamy_2020.0,"India (Bengaluru, Karnataka) – materials & specimens; long-term (Series 2) retesting at Univ. of Bath, UK",25.0,17.0,55.0,3.0,,34.4,20.2,14.2,,,,,,,,,,,,,,1.46,,,None/NA,,,,,,Portland Cement (Grade 53) + Hydrated Lime,7.0,10.0,,,28.0,"Moist-cured under damp burlap, 28 days",N/A (no specific compression-test code cited; BS EN 1996:2005 used only for fk prediction; BS EN 772-1:2011 shape factor for normalisation),,,4.76,,4.76,UCS – 28d (MPa),
146,MP-MS-CL,Narayanaswamy,2020.0,Narayanaswamy_2020.0,"India (Bengaluru, Karnataka) – materials & specimens; long-term (Series 2) retesting at Univ. of Bath, UK",25.0,17.0,55.0,3.0,,34.4,20.2,14.2,,,,,,,,,,,,,,1.46,,,None/NA,,,,,,Portland Cement (Grade 53) + Hydrated Lime,7.0,10.0,,,28.0,"Moist-cured under damp burlap, 28 days",N/A (no specific compression-test code cited; BS EN 1996:2005 used only for fk prediction; BS EN 772-1:2011 shape factor for normalisation),,,5.62,,5.62,UCS – 28d (MPa),
147,MP-PGBS-CL,Narayanaswamy,2020.0,Narayanaswamy_2020.0,"India (Bengaluru, Karnataka) – materials & specimens; long-term (Series 2) retesting at Univ. of Bath, UK",25.0,17.0,55.0,3.0,,34.4,20.2,14.2,,,,,,,,,,,,,,1.46,,,None/NA,,,,,,Portland Cement (Grade 53) + Hydrated Lime,7.0,10.0,,,28.0,"Moist-cured under damp burlap, 28 days",N/A (no specific compression-test code cited; BS EN 1996:2005 used only for fk prediction; BS EN 772-1:2011 shape factor for normalisation),,,6.92,,6.92,UCS – 28d (MPa),
148,MP-CDW-AA,Narayanaswamy,2020.0,Narayanaswamy_2020.0,"India (Bengaluru, Karnataka) – materials & specimens; long-term (Series 2) retesting at Univ. of Bath, UK",25.0,17.0,55.0,3.0,,34.4,20.2,14.2,,,,,,,,,"Fly Ash (FA, from Raichur Thermal Power Plant)",Fly Ash,15.0,,,1.46,,Alkaline,Alkaline,NaOH,12.0,,0.67,0.67,,,10.0,,,28.0,"Heat-cured at 80 °C for 3 days (72 h), then air-dried in laboratory (≥28 days before initial test)",N/A (no specific compression-test code cited; BS EN 1996:2005 used only for fk prediction; BS EN 772-1:2011 shape factor for normalisation),,,8.15,,8.15,UCS – 28d (MPa),
149,MP-MS-AA,Narayanaswamy,2020.0,Narayanaswamy_2020.0,"India (Bengaluru, Karnataka) – materials & specimens; long-term (Series 2) retesting at Univ. of Bath, UK",25.0,17.0,55.0,3.0,,34.4,20.2,14.2,,,,,,,,,"Fly Ash (FA, from Raichur Thermal Power Plant)",Fly Ash,15.0,,,1.46,,Alkaline,Alkaline,NaOH,12.0,,0.67,0.67,,,10.0,,,28.0,"Heat-cured at 80 °C for 3 days (72 h), then air-dried in laboratory (≥28 days before initial test)",N/A (no specific compression-test code cited; BS EN 1996:2005 used only for fk prediction; BS EN 772-1:2011 shape factor for normalisation),,,8.61,,8.61,UCS – 28d (MPa),
150,MP-PGBS-AA,Narayanaswamy,2020.0,Narayanaswamy_2020.0,"India (Bengaluru, Karnataka) – materials & specimens; long-term (Series 2) retesting at Univ. of Bath, UK",25.0,17.0,55.0,3.0,,34.4,20.2,14.2,,,,,,,,,"Fly Ash (FA, from Raichur Thermal Power Plant)",Fly Ash,15.0,,,1.46,,Alkaline,Alkaline,NaOH,12.0,,0.67,0.67,,,10.0,,,28.0,"Heat-cured at 80 °C for 3 days (72 h), then air-dried in laboratory (≥28 days before initial test)",N/A (no specific compression-test code cited; BS EN 1996:2005 used only for fk prediction; BS EN 772-1:2011 shape factor for normalisation),,,11.5,,11.5,UCS – 28d (MPa),
151,SFA10,Silva,2015.0,Silva_2015.0,Portugal (Guimarães),4.0,,,,"GRS, non-plastic",28.0,,,,,,,,,,,Fly Ash (Class F),Fly Ash,10.0,,,4.3,2.9,Alkaline,Alkaline,"NaOH + Na₂SiO₃ (combined, 2:1 vol.)",12.5,2.0,0.134,1.34,,,,2.0,1810.0,180.0,"Ambient/air, 20±2 °C",EN 772-1; EN 772-6; ASTM C1314-03b; EN 1052-3,8.8,,,,8.8,UCS – Dry (MPa),5.5
152,SFA15,Silva,2015.0,Silva_2015.0,Portugal (Guimarães),4.0,,,,"GRS, non-plastic",28.0,,,,,,,,,,,Fly Ash (Class F),Fly Ash,15.0,,,4.3,2.9,Alkaline,Alkaline,"NaOH + Na₂SiO₃ (combined, 2:1 vol.)",12.5,2.0,0.137,0.91,,,,2.0,1854.0,180.0,"Ambient/air, 20±2 °C",EN 772-1; EN 772-6; ASTM C1314-03b; EN 1052-3,12.0,,,,12.0,UCS – Dry (MPa),6.5
153,2 MPa,Nassar,2025.0,Nassar_2025.0,France,23.2,23.2,50.9,2.7,,36.0,26.0,10.0,,,,,,,,,,,0.0,,0.0,,,,None/NA,,,,,,,0.0,18.0,2.0,1740.0,10.0,Ambient condition 20°C and 50% RH,NF EN ISO 17892-4; NF EN ISO 17892-12; NF EN 17542-3; NF EN 12504-4,1.72,,,,1.72,UCS – Dry (MPa),
154,4 MPa,Nassar,2025.0,Nassar_2025.0,France,23.2,23.2,50.9,2.7,,36.0,26.0,10.0,,,,,,,,,,,0.0,,0.0,,,,None/NA,,,,,,,0.0,18.0,4.0,1770.0,10.0,Ambient condition 20°C and 50% RH,NF EN ISO 17892-4; NF EN ISO 17892-12; NF EN 17542-3; NF EN 12504-4,2.11,,,,2.11,UCS – Dry (MPa),
155,6 MPa,Nassar,2025.0,Nassar_2025.0,France,23.2,23.2,50.9,2.7,,36.0,26.0,10.0,,,,,,,,,,,0.0,,0.0,,,,None/NA,,,,,,,0.0,18.0,6.0,1860.0,10.0,Ambient condition 20°C and 50% RH,NF EN ISO 17892-4; NF EN ISO 17892-12; NF EN 17542-3; NF EN 12504-4,2.99,,,,2.99,UCS – Dry (MPa),
156,10 MPa,Nassar,2025.0,Nassar_2025.0,France,23.2,23.2,50.9,2.7,,36.0,26.0,10.0,,,,,,,,,,,0.0,,0.0,,,,None/NA,,,,,,,0.0,18.0,10.0,1890.0,10.0,Ambient condition 20°C and 50% RH,NF EN ISO 17892-4; NF EN ISO 17892-12; NF EN 17542-3; NF EN 12504-4,3.29,,,,3.29,UCS – Dry (MPa),
157,BL05,Nassar,2025.0,Nassar_2025.0,France,23.2,23.2,50.9,2.7,,36.0,26.0,10.0,,,,,,,,,,,0.0,,0.0,,,,None/NA,,,,,,,0.0,18.0,4.0,1650.0,10.0,Ambient condition 20°C and 50% RH,NF EN ISO 17892-4; NF EN ISO 17892-12; NF EN 17542-3; NF EN 12504-4,3.27,,,,3.27,UCS – Dry (MPa),
158,BC05,Nassar,2025.0,Nassar_2025.0,France,23.2,23.2,50.9,2.7,,36.0,26.0,10.0,,,,,,,,,,,0.0,,0.0,,,,None/NA,,,,,,,0.0,18.0,4.0,1680.0,10.0,Ambient condition 20°C and 50% RH,NF EN ISO 17892-4; NF EN ISO 17892-12; NF EN 17542-3; NF EN 12504-4,3.41,,,,3.41,UCS – Dry (MPa),
159,BB05,Nassar,2025.0,Nassar_2025.0,France,23.2,23.2,50.9,2.7,,36.0,26.0,10.0,,,,,,,,,,,0.0,,0.0,,,,None/NA,,,,,,,0.0,18.0,4.0,1680.0,10.0,Ambient condition 20°C and 50% RH,NF EN ISO 17892-4; NF EN ISO 17892-12; NF EN 17542-3; NF EN 12504-4,3.49,,,,3.49,UCS – Dry (MPa),
160,BL1,Nassar,2025.0,Nassar_2025.0,France,23.2,23.2,50.9,2.7,,36.0,26.0,10.0,,,,,,,,,,,0.0,,0.0,,,,None/NA,,,,,,,0.0,18.0,4.0,1610.0,10.0,Ambient condition 20°C and 50% RH,NF EN ISO 17892-4; NF EN ISO 17892-12; NF EN 17542-3; NF EN 12504-4,2.95,,,,2.95,UCS – Dry (MPa),
161,BC1,Nassar,2025.0,Nassar_2025.0,France,23.2,23.2,50.9,2.7,,36.0,26.0,10.0,,,,,,,,,,,0.0,,0.0,,,,None/NA,,,,,,,0.0,18.0,4.0,1600.0,10.0,Ambient condition 20°C and 50% RH,NF EN ISO 17892-4; NF EN ISO 17892-12; NF EN 17542-3; NF EN 12504-4,2.66,,,,2.66,UCS – Dry (MPa),
162,BB1,Nassar,2025.0,Nassar_2025.0,France,23.2,23.2,50.9,2.7,,36.0,26.0,10.0,,,,,,,,,,,0.0,,0.0,,,,None/NA,,,,,,,0.0,18.0,4.0,1630.0,10.0,Ambient condition 20°C and 50% RH,NF EN ISO 17892-4; NF EN ISO 17892-12; NF EN 17542-3; NF EN 12504-4,2.43,,,,2.43,UCS – Dry (MPa),
163,BG2%,Nassar,2025.0,Nassar_2025.0,France,23.2,23.2,50.9,2.7,,36.0,26.0,10.0,,,,,,,,,,,0.0,,0.0,,,Alkaline,Alkaline,Na₂CO₃ (powder),,,,,,0.0,18.0,,1670.0,10.0,Oven for 10 days at 40 °C,NF EN ISO 17892-4; NF EN ISO 17892-12; NF EN 17542-3; NF EN 12504-4,3.27,,,,3.27,UCS – Dry (MPa),
164,BG4%,Nassar,2025.0,Nassar_2025.0,France,23.2,23.2,50.9,2.7,,36.0,26.0,10.0,,,,,,,,,,,0.0,,0.0,,,Alkaline,Alkaline,Na₂CO₃ (powder),,,,,,0.0,18.0,,1720.0,10.0,Oven for 10 days at 40 °C,NF EN ISO 17892-4; NF EN ISO 17892-12; NF EN 17542-3; NF EN 12504-4,3.95,,,,3.95,UCS – Dry (MPa),
165,BG6%,Nassar,2025.0,Nassar_2025.0,France,23.2,23.2,50.9,2.7,,36.0,26.0,10.0,,,,,,,,,,,0.0,,0.0,,,Alkaline,Alkaline,Na₂CO₃ (powder),,,,,,0.0,18.0,,1810.0,10.0,Oven for 10 days at 40 °C,NF EN ISO 17892-4; NF EN ISO 17892-12; NF EN 17542-3; NF EN 12504-4,3.87,,,,3.87,UCS – Dry (MPa),
240,GP0,Char,2025.0,Char_2025.0,"Tafilalet region (Errachidia / Qsar Ben Omar, Tinjdad), Morocco",,,,,,28.0,21.0,7.0,,,,,,,,,None (unstabilized control),Other,0.0,,,,,N/A (no activator),None/NA,None (plain water only),,,,,,0.0,15.0,,,28.0,"Ambient air-drying, 27 degC +/-2 degC, RH 38% +/-5%, 28 days",Moroccan Decree 2-12-666 (mechanical); NF P94-056/057 (granulometry); NM 13.1.007 (Atterberg),,,1.8,,1.8,UCS – 28d (MPa),11.4
241,GPP1,Char,2025.0,Char_2025.0,"Tafilalet region (Errachidia / Qsar Ben Omar, Tinjdad), Morocco",,,,,,28.0,21.0,7.0,,,,,,,,,Pozzolan (volcanic),Natural Pozzolan,1.0,,,2.18,,Alkaline,Alkaline,NaOH + Na2SiO3 (combined solution),14.0,,,,,0.0,15.0,,,28.0,"Ambient air-drying, 27 degC +/-2 degC, RH 38% +/-5%, 28 days",Moroccan Decree 2-12-666 (mechanical); NF P94-056/057 (granulometry); NM 13.1.007 (Atterberg),,,2.0,,2.0,UCS – 28d (MPa),6.1
242,GPP2,Char,2025.0,Char_2025.0,"Tafilalet region (Errachidia / Qsar Ben Omar, Tinjdad), Morocco",,,,,,28.0,21.0,7.0,,,,,,,,,Pozzolan (volcanic),Natural Pozzolan,2.0,,,2.18,,Alkaline,Alkaline,NaOH + Na2SiO3 (combined solution),14.0,,,,,0.0,15.0,,,28.0,"Ambient air-drying, 27 degC +/-2 degC, RH 38% +/-5%, 28 days",Moroccan Decree 2-12-666 (mechanical); NF P94-056/057 (granulometry); NM 13.1.007 (Atterberg),,,4.3,,4.3,UCS – 28d (MPa),
243,GPP3,Char,2025.0,Char_2025.0,"Tafilalet region (Errachidia / Qsar Ben Omar, Tinjdad), Morocco",,,,,,28.0,21.0,7.0,,,,,,,,,Pozzolan (volcanic),Natural Pozzolan,3.0,,,2.18,,Alkaline,Alkaline,NaOH + Na2SiO3 (combined solution),14.0,,,,,0.0,15.0,,,28.0,"Ambient air-drying, 27 degC +/-2 degC, RH 38% +/-5%, 28 days",Moroccan Decree 2-12-666 (mechanical); NF P94-056/057 (granulometry); NM 13.1.007 (Atterberg),,,6.8,,6.8,UCS – 28d (MPa),
244,GPP4,Char,2025.0,Char_2025.0,"Tafilalet region (Errachidia / Qsar Ben Omar, Tinjdad), Morocco",,,,,,28.0,21.0,7.0,,,,,,,,,Pozzolan (volcanic),Natural Pozzolan,4.0,,,2.18,,Alkaline,Alkaline,NaOH + Na2SiO3 (combined solution),14.0,,,,,0.0,15.0,,,28.0,"Ambient air-drying, 27 degC +/-2 degC, RH 38% +/-5%, 28 days",Moroccan Decree 2-12-666 (mechanical); NF P94-056/057 (granulometry); NM 13.1.007 (Atterberg),,,9.3,,9.3,UCS – 28d (MPa),
245,GPP5,Char,2025.0,Char_2025.0,"Tafilalet region (Errachidia / Qsar Ben Omar, Tinjdad), Morocco",,,,,,28.0,21.0,7.0,,,,,,,,,Pozzolan (volcanic),Natural Pozzolan,5.0,,,2.18,,Alkaline,Alkaline,NaOH + Na2SiO3 (combined solution),14.0,,,,,0.0,15.0,,,28.0,"Ambient air-drying, 27 degC +/-2 degC, RH 38% +/-5%, 28 days",Moroccan Decree 2-12-666 (mechanical); NF P94-056/057 (granulometry); NM 13.1.007 (Atterberg),,,12.5,,12.5,UCS – 28d (MPa),3.7
246,GPP6,Char,2025.0,Char_2025.0,"Tafilalet region (Errachidia / Qsar Ben Omar, Tinjdad), Morocco",,,,,,28.0,21.0,7.0,,,,,,,,,Pozzolan (volcanic),Natural Pozzolan,6.0,,,2.18,,Alkaline,Alkaline,NaOH + Na2SiO3 (combined solution),14.0,,,,,0.0,15.0,,,28.0,"Ambient air-drying, 27 degC +/-2 degC, RH 38% +/-5%, 28 days",Moroccan Decree 2-12-666 (mechanical); NF P94-056/057 (granulometry); NM 13.1.007 (Atterberg),,,16.3,,16.3,UCS – 28d (MPa),
247,GPP7,Char,2025.0,Char_2025.0,"Tafilalet region (Errachidia / Qsar Ben Omar, Tinjdad), Morocco",,,,,,28.0,21.0,7.0,,,,,,,,,Pozzolan (volcanic),Natural Pozzolan,7.0,,,2.18,,Alkaline,Alkaline,NaOH + Na2SiO3 (combined solution),14.0,,,,,0.0,15.0,,,28.0,"Ambient air-drying, 27 degC +/-2 degC, RH 38% +/-5%, 28 days",Moroccan Decree 2-12-666 (mechanical); NF P94-056/057 (granulometry); NM 13.1.007 (Atterberg),,,19.8,,19.8,UCS – 28d (MPa),
248,GPP8,Char,2025.0,Char_2025.0,"Tafilalet region (Errachidia / Qsar Ben Omar, Tinjdad), Morocco",,,,,,28.0,21.0,7.0,,,,,,,,,Pozzolan (volcanic),Natural Pozzolan,8.0,,,2.18,,Alkaline,Alkaline,NaOH + Na2SiO3 (combined solution),14.0,,,,,0.0,15.0,,,28.0,"Ambient air-drying, 27 degC +/-2 degC, RH 38% +/-5%, 28 days",Moroccan Decree 2-12-666 (mechanical); NF P94-056/057 (granulometry); NM 13.1.007 (Atterberg),,,22.8,,22.8,UCS – 28d (MPa),
249,GPP9,Char,2025.0,Char_2025.0,"Tafilalet region (Errachidia / Qsar Ben Omar, Tinjdad), Morocco",,,,,,28.0,21.0,7.0,,,,,,,,,Pozzolan (volcanic),Natural Pozzolan,9.0,,,2.18,,Alkaline,Alkaline,NaOH + Na2SiO3 (combined solution),14.0,,,,,0.0,15.0,,,28.0,"Ambient air-drying, 27 degC +/-2 degC, RH 38% +/-5%, 28 days",Moroccan Decree 2-12-666 (mechanical); NF P94-056/057 (granulometry); NM 13.1.007 (Atterberg),,,24.7,,24.7,UCS – 28d (MPa),
250,GPP10,Char,2025.0,Char_2025.0,"Tafilalet region (Errachidia / Qsar Ben Omar, Tinjdad), Morocco",,,,,,28.0,21.0,7.0,,,,,,,,,Pozzolan (volcanic),Natural Pozzolan,10.0,,,2.18,,Alkaline,Alkaline,NaOH + Na2SiO3 (combined solution),14.0,,,,,0.0,15.0,,,28.0,"Ambient air-drying, 27 degC +/-2 degC, RH 38% +/-5%, 28 days",Moroccan Decree 2-12-666 (mechanical); NF P94-056/057 (granulometry); NM 13.1.007 (Atterberg),,,26.0,,26.0,UCS – 28d (MPa),3.7
251,GPS1,Char,2025.0,Char_2025.0,"Tafilalet region (Errachidia / Qsar Ben Omar, Tinjdad), Morocco",,,,,,28.0,21.0,7.0,,,,,,,,,Sandstone,Other,1.0,,,1.94,,Alkaline,Alkaline,NaOH + Na2SiO3 (combined solution),14.0,,,,,0.0,15.0,,,28.0,"Ambient air-drying, 27 degC +/-2 degC, RH 38% +/-5%, 28 days",Moroccan Decree 2-12-666 (mechanical); NF P94-056/057 (granulometry); NM 13.1.007 (Atterberg),,,2.0,,2.0,UCS – 28d (MPa),7.65
252,GPS2,Char,2025.0,Char_2025.0,"Tafilalet region (Errachidia / Qsar Ben Omar, Tinjdad), Morocco",,,,,,28.0,21.0,7.0,,,,,,,,,Sandstone,Other,2.0,,,1.94,,Alkaline,Alkaline,NaOH + Na2SiO3 (combined solution),14.0,,,,,0.0,15.0,,,28.0,"Ambient air-drying, 27 degC +/-2 degC, RH 38% +/-5%, 28 days",Moroccan Decree 2-12-666 (mechanical); NF P94-056/057 (granulometry); NM 13.1.007 (Atterberg),,,2.8,,2.8,UCS – 28d (MPa),
253,GPS3,Char,2025.0,Char_2025.0,"Tafilalet region (Errachidia / Qsar Ben Omar, Tinjdad), Morocco",,,,,,28.0,21.0,7.0,,,,,,,,,Sandstone,Other,3.0,,,1.94,,Alkaline,Alkaline,NaOH + Na2SiO3 (combined solution),14.0,,,,,0.0,15.0,,,28.0,"Ambient air-drying, 27 degC +/-2 degC, RH 38% +/-5%, 28 days",Moroccan Decree 2-12-666 (mechanical); NF P94-056/057 (granulometry); NM 13.1.007 (Atterberg),,,3.8,,3.8,UCS – 28d (MPa),
254,GPS4,Char,2025.0,Char_2025.0,"Tafilalet region (Errachidia / Qsar Ben Omar, Tinjdad), Morocco",,,,,,28.0,21.0,7.0,,,,,,,,,Sandstone,Other,4.0,,,1.94,,Alkaline,Alkaline,NaOH + Na2SiO3 (combined solution),14.0,,,,,0.0,15.0,,,28.0,"Ambient air-drying, 27 degC +/-2 degC, RH 38% +/-5%, 28 days",Moroccan Decree 2-12-666 (mechanical); NF P94-056/057 (granulometry); NM 13.1.007 (Atterberg),,,5.0,,5.0,UCS – 28d (MPa),
255,GPS5,Char,2025.0,Char_2025.0,"Tafilalet region (Errachidia / Qsar Ben Omar, Tinjdad), Morocco",,,,,,28.0,21.0,7.0,,,,,,,,,Sandstone,Other,5.0,,,1.94,,Alkaline,Alkaline,NaOH + Na2SiO3 (combined solution),14.0,,,,,0.0,15.0,,,28.0,"Ambient air-drying, 27 degC +/-2 degC, RH 38% +/-5%, 28 days",Moroccan Decree 2-12-666 (mechanical); NF P94-056/057 (granulometry); NM 13.1.007 (Atterberg),,,6.7,,6.7,UCS – 28d (MPa),6.2
256,GPS6,Char,2025.0,Char_2025.0,"Tafilalet region (Errachidia / Qsar Ben Omar, Tinjdad), Morocco",,,,,,28.0,21.0,7.0,,,,,,,,,Sandstone,Other,6.0,,,1.94,,Alkaline,Alkaline,NaOH + Na2SiO3 (combined solution),14.0,,,,,0.0,15.0,,,28.0,"Ambient air-drying, 27 degC +/-2 degC, RH 38% +/-5%, 28 days",Moroccan Decree 2-12-666 (mechanical); NF P94-056/057 (granulometry); NM 13.1.007 (Atterberg),,,8.6,,8.6,UCS – 28d (MPa),
257,GPS7,Char,2025.0,Char_2025.0,"Tafilalet region (Errachidia / Qsar Ben Omar, Tinjdad), Morocco",,,,,,28.0,21.0,7.0,,,,,,,,,Sandstone,Other,7.0,,,1.94,,Alkaline,Alkaline,NaOH + Na2SiO3 (combined solution),14.0,,,,,0.0,15.0,,,28.0,"Ambient air-drying, 27 degC +/-2 degC, RH 38% +/-5%, 28 days",Moroccan Decree 2-12-666 (mechanical); NF P94-056/057 (granulometry); NM 13.1.007 (Atterberg),,,10.2,,10.2,UCS – 28d (MPa),
258,GPS8,Char,2025.0,Char_2025.0,"Tafilalet region (Errachidia / Qsar Ben Omar, Tinjdad), Morocco",,,,,,28.0,21.0,7.0,,,,,,,,,Sandstone,Other,8.0,,,1.94,,Alkaline,Alkaline,NaOH + Na2SiO3 (combined solution),14.0,,,,,0.0,15.0,,,28.0,"Ambient air-drying, 27 degC +/-2 degC, RH 38% +/-5%, 28 days",Moroccan Decree 2-12-666 (mechanical); NF P94-056/057 (granulometry); NM 13.1.007 (Atterberg),,,11.8,,11.8,UCS – 28d (MPa),
259,GPS9,Char,2025.0,Char_2025.0,"Tafilalet region (Errachidia / Qsar Ben Omar, Tinjdad), Morocco",,,,,,28.0,21.0,7.0,,,,,,,,,Sandstone,Other,9.0,,,1.94,,Alkaline,Alkaline,NaOH + Na2SiO3 (combined solution),14.0,,,,,0.0,15.0,,,28.0,"Ambient air-drying, 27 degC +/-2 degC, RH 38% +/-5%, 28 days",Moroccan Decree 2-12-666 (mechanical); NF P94-056/057 (granulometry); NM 13.1.007 (Atterberg),,,13.0,,13.0,UCS – 28d (MPa),
260,GPS10,Char,2025.0,Char_2025.0,"Tafilalet region (Errachidia / Qsar Ben Omar, Tinjdad), Morocco",,,,,,28.0,21.0,7.0,,,,,,,,,Sandstone,Other,10.0,,,1.94,,Alkaline,Alkaline,NaOH + Na2SiO3 (combined solution),14.0,,,,,0.0,15.0,,,28.0,"Ambient air-drying, 27 degC +/-2 degC, RH 38% +/-5%, 28 days",Moroccan Decree 2-12-666 (mechanical); NF P94-056/057 (granulometry); NM 13.1.007 (Atterberg),,,13.7,,13.7,UCS – 28d (MPa),4.65
261,GPK1,Char,2025.0,Char_2025.0,"Tafilalet region (Errachidia / Qsar Ben Omar, Tinjdad), Morocco",,,,,,28.0,21.0,7.0,,,,,,,,,"Kaolin (natural, uncalcined)",Other,1.0,,,23.02,,Alkaline,Alkaline,NaOH + Na2SiO3 (combined solution),14.0,,,,,0.0,15.0,,,28.0,"Ambient air-drying, 27 degC +/-2 degC, RH 38% +/-5%, 28 days",Moroccan Decree 2-12-666 (mechanical); NF P94-056/057 (granulometry); NM 13.1.007 (Atterberg),,,2.3,,2.3,UCS – 28d (MPa),6.9
262,GPK2,Char,2025.0,Char_2025.0,"Tafilalet region (Errachidia / Qsar Ben Omar, Tinjdad), Morocco",,,,,,28.0,21.0,7.0,,,,,,,,,"Kaolin (natural, uncalcined)",Other,2.0,,,23.02,,Alkaline,Alkaline,NaOH + Na2SiO3 (combined solution),14.0,,,,,0.0,15.0,,,28.0,"Ambient air-drying, 27 degC +/-2 degC, RH 38% +/-5%, 28 days",Moroccan Decree 2-12-666 (mechanical); NF P94-056/057 (granulometry); NM 13.1.007 (Atterberg),,,3.0,,3.0,UCS – 28d (MPa),
263,GPK3,Char,2025.0,Char_2025.0,"Tafilalet region (Errachidia / Qsar Ben Omar, Tinjdad), Morocco",,,,,,28.0,21.0,7.0,,,,,,,,,"Kaolin (natural, uncalcined)",Other,3.0,,,23.02,,Alkaline,Alkaline,NaOH + Na2SiO3 (combined solution),14.0,,,,,0.0,15.0,,,28.0,"Ambient air-drying, 27 degC +/-2 degC, RH 38% +/-5%, 28 days",Moroccan Decree 2-12-666 (mechanical); NF P94-056/057 (granulometry); NM 13.1.007 (Atterberg),,,3.8,,3.8,UCS – 28d (MPa),
264,GPK4,Char,2025.0,Char_2025.0,"Tafilalet region (Errachidia / Qsar Ben Omar, Tinjdad), Morocco",,,,,,28.0,21.0,7.0,,,,,,,,,"Kaolin (natural, uncalcined)",Other,4.0,,,23.02,,Alkaline,Alkaline,NaOH + Na2SiO3 (combined solution),14.0,,,,,0.0,15.0,,,28.0,"Ambient air-drying, 27 degC +/-2 degC, RH 38% +/-5%, 28 days",Moroccan Decree 2-12-666 (mechanical); NF P94-056/057 (granulometry); NM 13.1.007 (Atterberg),,,5.5,,5.5,UCS – 28d (MPa),
265,GPK5,Char,2025.0,Char_2025.0,"Tafilalet region (Errachidia / Qsar Ben Omar, Tinjdad), Morocco",,,,,,28.0,21.0,7.0,,,,,,,,,"Kaolin (natural, uncalcined)",Other,5.0,,,23.02,,Alkaline,Alkaline,NaOH + Na2SiO3 (combined solution),14.0,,,,,0.0,15.0,,,28.0,"Ambient air-drying, 27 degC +/-2 degC, RH 38% +/-5%, 28 days",Moroccan Decree 2-12-666 (mechanical); NF P94-056/057 (granulometry); NM 13.1.007 (Atterberg),,,7.3,,7.3,UCS – 28d (MPa),4.5
266,GPK6,Char,2025.0,Char_2025.0,"Tafilalet region (Errachidia / Qsar Ben Omar, Tinjdad), Morocco",,,,,,28.0,21.0,7.0,,,,,,,,,"Kaolin (natural, uncalcined)",Other,6.0,,,23.02,,Alkaline,Alkaline,NaOH + Na2SiO3 (combined solution),14.0,,,,,0.0,15.0,,,28.0,"Ambient air-drying, 27 degC +/-2 degC, RH 38% +/-5%, 28 days",Moroccan Decree 2-12-666 (mechanical); NF P94-056/057 (granulometry); NM 13.1.007 (Atterberg),,,9.8,,9.8,UCS – 28d (MPa),
267,GPK7,Char,2025.0,Char_2025.0,"Tafilalet region (Errachidia / Qsar Ben Omar, Tinjdad), Morocco",,,,,,28.0,21.0,7.0,,,,,,,,,"Kaolin (natural, uncalcined)",Other,7.0,,,23.02,,Alkaline,Alkaline,NaOH + Na2SiO3 (combined solution),14.0,,,,,0.0,15.0,,,28.0,"Ambient air-drying, 27 degC +/-2 degC, RH 38% +/-5%, 28 days",Moroccan Decree 2-12-666 (mechanical); NF P94-056/057 (granulometry); NM 13.1.007 (Atterberg),,,13.0,,13.0,UCS – 28d (MPa),
268,GPK8,Char,2025.0,Char_2025.0,"Tafilalet region (Errachidia / Qsar Ben Omar, Tinjdad), Morocco",,,,,,28.0,21.0,7.0,,,,,,,,,"Kaolin (natural, uncalcined)",Other,8.0,,,23.02,,Alkaline,Alkaline,NaOH + Na2SiO3 (combined solution),14.0,,,,,0.0,15.0,,,28.0,"Ambient air-drying, 27 degC +/-2 degC, RH 38% +/-5%, 28 days",Moroccan Decree 2-12-666 (mechanical); NF P94-056/057 (granulometry); NM 13.1.007 (Atterberg),,,15.3,,15.3,UCS – 28d (MPa),
269,GPK9,Char,2025.0,Char_2025.0,"Tafilalet region (Errachidia / Qsar Ben Omar, Tinjdad), Morocco",,,,,,28.0,21.0,7.0,,,,,,,,,"Kaolin (natural, uncalcined)",Other,9.0,,,23.02,,Alkaline,Alkaline,NaOH + Na2SiO3 (combined solution),14.0,,,,,0.0,15.0,,,28.0,"Ambient air-drying, 27 degC +/-2 degC, RH 38% +/-5%, 28 days",Moroccan Decree 2-12-666 (mechanical); NF P94-056/057 (granulometry); NM 13.1.007 (Atterberg),,,17.2,,17.2,UCS – 28d (MPa),
270,GPK10,Char,2025.0,Char_2025.0,"Tafilalet region (Errachidia / Qsar Ben Omar, Tinjdad), Morocco",,,,,,28.0,21.0,7.0,,,,,,,,,"Kaolin (natural, uncalcined)",Other,10.0,,,23.02,,Alkaline,Alkaline,NaOH + Na2SiO3 (combined solution),14.0,,,,,0.0,15.0,,,28.0,"Ambient air-drying, 27 degC +/-2 degC, RH 38% +/-5%, 28 days",Moroccan Decree 2-12-666 (mechanical); NF P94-056/057 (granulometry); NM 13.1.007 (Atterberg),,,18.5,,18.5,UCS – 28d (MPa),4.4
271,GPC1,Char,2025.0,Char_2025.0,"Tafilalet region (Errachidia / Qsar Ben Omar, Tinjdad), Morocco",,,,,,28.0,21.0,7.0,,,,,,,,,Limestone,Other,1.0,,,4.92,,Alkaline,Alkaline,NaOH + Na2SiO3 (combined solution),14.0,,,,,0.0,15.0,,,28.0,"Ambient air-drying, 27 degC +/-2 degC, RH 38% +/-5%, 28 days",Moroccan Decree 2-12-666 (mechanical); NF P94-056/057 (granulometry); NM 13.1.007 (Atterberg),,,2.3,,2.3,UCS – 28d (MPa),8.15
272,GPC2,Char,2025.0,Char_2025.0,"Tafilalet region (Errachidia / Qsar Ben Omar, Tinjdad), Morocco",,,,,,28.0,21.0,7.0,,,,,,,,,Limestone,Other,2.0,,,4.92,,Alkaline,Alkaline,NaOH + Na2SiO3 (combined solution),14.0,,,,,0.0,15.0,,,28.0,"Ambient air-drying, 27 degC +/-2 degC, RH 38% +/-5%, 28 days",Moroccan Decree 2-12-666 (mechanical); NF P94-056/057 (granulometry); NM 13.1.007 (Atterberg),,,3.0,,3.0,UCS – 28d (MPa),
273,GPC3,Char,2025.0,Char_2025.0,"Tafilalet region (Errachidia / Qsar Ben Omar, Tinjdad), Morocco",,,,,,28.0,21.0,7.0,,,,,,,,,Limestone,Other,3.0,,,4.92,,Alkaline,Alkaline,NaOH + Na2SiO3 (combined solution),14.0,,,,,0.0,15.0,,,28.0,"Ambient air-drying, 27 degC +/-2 degC, RH 38% +/-5%, 28 days",Moroccan Decree 2-12-666 (mechanical); NF P94-056/057 (granulometry); NM 13.1.007 (Atterberg),,,4.2,,4.2,UCS – 28d (MPa),
274,GPC4,Char,2025.0,Char_2025.0,"Tafilalet region (Errachidia / Qsar Ben Omar, Tinjdad), Morocco",,,,,,28.0,21.0,7.0,,,,,,,,,Limestone,Other,4.0,,,4.92,,Alkaline,Alkaline,NaOH + Na2SiO3 (combined solution),14.0,,,,,0.0,15.0,,,28.0,"Ambient air-drying, 27 degC +/-2 degC, RH 38% +/-5%, 28 days",Moroccan Decree 2-12-666 (mechanical); NF P94-056/057 (granulometry); NM 13.1.007 (Atterberg),,,5.7,,5.7,UCS – 28d (MPa),
275,GPC5,Char,2025.0,Char_2025.0,"Tafilalet region (Errachidia / Qsar Ben Omar, Tinjdad), Morocco",,,,,,28.0,21.0,7.0,,,,,,,,,Limestone,Other,5.0,,,4.92,,Alkaline,Alkaline,NaOH + Na2SiO3 (combined solution),14.0,,,,,0.0,15.0,,,28.0,"Ambient air-drying, 27 degC +/-2 degC, RH 38% +/-5%, 28 days",Moroccan Decree 2-12-666 (mechanical); NF P94-056/057 (granulometry); NM 13.1.007 (Atterberg),,,7.2,,7.2,UCS – 28d (MPa),7.0
276,GPC6,Char,2025.0,Char_2025.0,"Tafilalet region (Errachidia / Qsar Ben Omar, Tinjdad), Morocco",,,,,,28.0,21.0,7.0,,,,,,,,,Limestone,Other,6.0,,,4.92,,Alkaline,Alkaline,NaOH + Na2SiO3 (combined solution),14.0,,,,,0.0,15.0,,,28.0,"Ambient air-drying, 27 degC +/-2 degC, RH 38% +/-5%, 28 days",Moroccan Decree 2-12-666 (mechanical); NF P94-056/057 (granulometry); NM 13.1.007 (Atterberg),,,9.0,,9.0,UCS – 28d (MPa),
277,GPC7,Char,2025.0,Char_2025.0,"Tafilalet region (Errachidia / Qsar Ben Omar, Tinjdad), Morocco",,,,,,28.0,21.0,7.0,,,,,,,,,Limestone,Other,7.0,,,4.92,,Alkaline,Alkaline,NaOH + Na2SiO3 (combined solution),14.0,,,,,0.0,15.0,,,28.0,"Ambient air-drying, 27 degC +/-2 degC, RH 38% +/-5%, 28 days",Moroccan Decree 2-12-666 (mechanical); NF P94-056/057 (granulometry); NM 13.1.007 (Atterberg),,,10.7,,10.7,UCS – 28d (MPa),
278,GPC8,Char,2025.0,Char_2025.0,"Tafilalet region (Errachidia / Qsar Ben Omar, Tinjdad), Morocco",,,,,,28.0,21.0,7.0,,,,,,,,,Limestone,Other,8.0,,,4.92,,Alkaline,Alkaline,NaOH + Na2SiO3 (combined solution),14.0,,,,,0.0,15.0,,,28.0,"Ambient air-drying, 27 degC +/-2 degC, RH 38% +/-5%, 28 days",Moroccan Decree 2-12-666 (mechanical); NF P94-056/057 (granulometry); NM 13.1.007 (Atterberg),,,12.2,,12.2,UCS – 28d (MPa),
279,GPC9,Char,2025.0,Char_2025.0,"Tafilalet region (Errachidia / Qsar Ben Omar, Tinjdad), Morocco",,,,,,28.0,21.0,7.0,,,,,,,,,Limestone,Other,9.0,,,4.92,,Alkaline,Alkaline,NaOH + Na2SiO3 (combined solution),14.0,,,,,0.0,15.0,,,28.0,"Ambient air-drying, 27 degC +/-2 degC, RH 38% +/-5%, 28 days",Moroccan Decree 2-12-666 (mechanical); NF P94-056/057 (granulometry); NM 13.1.007 (Atterberg),,,13.0,,13.0,UCS – 28d (MPa),
280,GPC10,Char,2025.0,Char_2025.0,"Tafilalet region (Errachidia / Qsar Ben Omar, Tinjdad), Morocco",,,,,,28.0,21.0,7.0,,,,,,,,,Limestone,Other,10.0,,,4.92,,Alkaline,Alkaline,NaOH + Na2SiO3 (combined solution),14.0,,,,,0.0,15.0,,,28.0,"Ambient air-drying, 27 degC +/-2 degC, RH 38% +/-5%, 28 days",Moroccan Decree 2-12-666 (mechanical); NF P94-056/057 (granulometry); NM 13.1.007 (Atterberg),,,13.7,,13.7,UCS – 28d (MPa),5.4
281,CL,Hany,2025.0,Hany_2025.0,Egypt (Cairo),,,,,Sandy soil,,,,,,,,,,,,,,,,,,,,None/NA,,,,,,Cement,10.0,,,1995.0,,,,9.89,,,,9.89,UCS – Dry (MPa),
282,GGBS100,Hany,2025.0,Hany_2025.0,Egypt (Cairo),,,,,Sandy soil,,,,,,,,,,,,GGBS (ground granulated blast furnace slag),Slag (GGBS/GGBFS),10.0,,,,,Alkali-activated (specific activator not reported in this paper),Alkaline,,,,,,,0.0,,,1948.0,,,,9.31,,,,9.31,UCS – Dry (MPa),
283,GGBS-PF,Hany,2025.0,Hany_2025.0,Egypt (Cairo),,,,,Sandy soil,,,,,,,,,,,,GGBS (ground granulated blast furnace slag),Slag (GGBS/GGBFS),10.0,,,,,Alkali-activated (specific activator not reported in this paper),Alkaline,,,,,,,0.0,,,1700.0,,,,5.12,,,,5.12,UCS – Dry (MPa),
284,FA80,Hany,2025.0,Hany_2025.0,Egypt (Cairo),,,,,Sandy soil,,,,,,,,,,,,Fly ash (FA),Fly Ash,8.0,,,,,Alkali-activated (specific activator not reported in this paper),Alkaline,,,,,,Cement,2.0,,,1933.0,,,,9.3,,,,9.3,UCS – Dry (MPa),
285,FA80-PF,Hany,2025.0,Hany_2025.0,Egypt (Cairo),,,,,Sandy soil,,,,,,,,,,,,Fly ash (FA),Fly Ash,8.0,,,,,Alkali-activated (specific activator not reported in this paper),Alkaline,,,,,,Cement,2.0,,,1680.0,,,,7.51,,,,7.51,UCS – Dry (MPa),
286,CEB0-25C,Tchouateu Kamwa,2022.0,Tchouateu Kamwa_2022.0,"Littoral Region, Cameroon",32.8,32.7,21.6,13.3,"Silty clay (clay soil, CS)",70.4,53.9,16.5,,47.4,25.9,9.27,2.36,1.7,1.87,2.5,N/A (no pozzolana added),Natural Pozzolan,0.0,,,,,Acidic,Acidic,"Phosphoric acid solution (H3PO4, 10 mol/L)",,,,1.0,None (no conventional/cement stabilizer used),,,8.0,1550.0,28.0,"Sealed plastic bag, 25 °C, 7 days",ASTM C642-06 (water absorption); no formal standard cited for compressive/flexural tests,9.7,,,,9.7,UCS – Dry (MPa),11.64
287,CEB0-70C,Tchouateu Kamwa,2022.0,Tchouateu Kamwa_2022.0,"Littoral Region, Cameroon",32.8,32.7,21.6,13.3,"Silty clay (clay soil, CS)",70.4,53.9,16.5,,47.4,25.9,9.27,2.36,1.7,1.87,2.5,N/A (no pozzolana added),Natural Pozzolan,0.0,,,,,Acidic,Acidic,"Phosphoric acid solution (H3PO4, 10 mol/L)",,,,1.0,None (no conventional/cement stabilizer used),,,8.0,1520.0,28.0,"Sealed plastic bag, 25 °C 7 days then thermally activated at 70 °C for 48 h",ASTM C642-06 (water absorption); no formal standard cited for compressive/flexural tests,10.2,,,,10.2,UCS – Dry (MPa),11.82
288,CEB5-25C,Tchouateu Kamwa,2022.0,Tchouateu Kamwa_2022.0,"Littoral Region, Cameroon",32.8,32.7,21.6,13.3,"Silty clay (clay soil, CS)",70.4,53.9,16.5,,47.4,25.9,9.27,2.36,1.7,1.87,2.5,Pozzolana (PZ),Natural Pozzolan,4.6,,,3.03,8.6,Acidic,Acidic,"Phosphoric acid solution (H3PO4, 10 mol/L)",,,,0.8,None (no conventional/cement stabilizer used),,,8.0,1460.0,28.0,"Sealed plastic bag, 25 °C, 7 days",ASTM C642-06 (water absorption); no formal standard cited for compressive/flexural tests,12.8,,,,12.8,UCS – Dry (MPa),10.54
289,CEB5-70C,Tchouateu Kamwa,2022.0,Tchouateu Kamwa_2022.0,"Littoral Region, Cameroon",32.8,32.7,21.6,13.3,"Silty clay (clay soil, CS)",70.4,53.9,16.5,,47.4,25.9,9.27,2.36,1.7,1.87,2.5,Pozzolana (PZ),Natural Pozzolan,4.6,,,3.03,8.6,Acidic,Acidic,"Phosphoric acid solution (H3PO4, 10 mol/L)",,,,0.8,None (no conventional/cement stabilizer used),,,8.0,1430.0,28.0,"Sealed plastic bag, 25 °C 7 days then thermally activated at 70 °C for 48 h",ASTM C642-06 (water absorption); no formal standard cited for compressive/flexural tests,14.8,,,,14.8,UCS – Dry (MPa),11.7
290,CEB10-25C,Tchouateu Kamwa,2022.0,Tchouateu Kamwa_2022.0,"Littoral Region, Cameroon",32.8,32.7,21.6,13.3,"Silty clay (clay soil, CS)",70.4,53.9,16.5,,47.4,25.9,9.27,2.36,1.7,1.87,2.5,Pozzolana (PZ),Natural Pozzolan,9.4,,,3.03,8.6,Acidic,Acidic,"Phosphoric acid solution (H3PO4, 10 mol/L)",,,,0.8,None (no conventional/cement stabilizer used),,,8.0,1480.0,28.0,"Sealed plastic bag, 25 °C, 7 days",ASTM C642-06 (water absorption); no formal standard cited for compressive/flexural tests,14.1,,,,14.1,UCS – Dry (MPa),8.8
291,CEB10-70C,Tchouateu Kamwa,2022.0,Tchouateu Kamwa_2022.0,"Littoral Region, Cameroon",32.8,32.7,21.6,13.3,"Silty clay (clay soil, CS)",70.4,53.9,16.5,,47.4,25.9,9.27,2.36,1.7,1.87,2.5,Pozzolana (PZ),Natural Pozzolan,9.4,,,3.03,8.6,Acidic,Acidic,"Phosphoric acid solution (H3PO4, 10 mol/L)",,,,0.8,None (no conventional/cement stabilizer used),,,8.0,1450.0,28.0,"Sealed plastic bag, 25 °C 7 days then thermally activated at 70 °C for 48 h",ASTM C642-06 (water absorption); no formal standard cited for compressive/flexural tests,18.9,,,,18.9,UCS – Dry (MPa),9.19
292,CEB15-25C,Tchouateu Kamwa,2022.0,Tchouateu Kamwa_2022.0,"Littoral Region, Cameroon",32.8,32.7,21.6,13.3,"Silty clay (clay soil, CS)",70.4,53.9,16.5,,47.4,25.9,9.27,2.36,1.7,1.87,2.5,Pozzolana (PZ),Natural Pozzolan,14.3,,,3.03,8.6,Acidic,Acidic,"Phosphoric acid solution (H3PO4, 10 mol/L)",,,,0.8,None (no conventional/cement stabilizer used),,,8.0,1490.0,28.0,"Sealed plastic bag, 25 °C, 7 days",ASTM C642-06 (water absorption); no formal standard cited for compressive/flexural tests,16.1,,,,16.1,UCS – Dry (MPa),6.83
293,CEB15-70C,Tchouateu Kamwa,2022.0,Tchouateu Kamwa_2022.0,"Littoral Region, Cameroon",32.8,32.7,21.6,13.3,"Silty clay (clay soil, CS)",70.4,53.9,16.5,,47.4,25.9,9.27,2.36,1.7,1.87,2.5,Pozzolana (PZ),Natural Pozzolan,14.3,,,3.03,8.6,Acidic,Acidic,"Phosphoric acid solution (H3PO4, 10 mol/L)",,,,0.8,None (no conventional/cement stabilizer used),,,8.0,1460.0,28.0,"Sealed plastic bag, 25 °C 7 days then thermally activated at 70 °C for 48 h",ASTM C642-06 (water absorption); no formal standard cited for compressive/flexural tests,42.8,,,,42.8,UCS – Dry (MPa),7.93
294,CEB20-25C,Tchouateu Kamwa,2022.0,Tchouateu Kamwa_2022.0,"Littoral Region, Cameroon",32.8,32.7,21.6,13.3,"Silty clay (clay soil, CS)",70.4,53.9,16.5,,47.4,25.9,9.27,2.36,1.7,1.87,2.5,Pozzolana (PZ),Natural Pozzolan,19.4,,,3.03,8.6,Acidic,Acidic,"Phosphoric acid solution (H3PO4, 10 mol/L)",,,,0.8,None (no conventional/cement stabilizer used),,,8.0,1500.0,28.0,"Sealed plastic bag, 25 °C, 7 days",ASTM C642-06 (water absorption); no formal standard cited for compressive/flexural tests,20.6,,,,20.6,UCS – Dry (MPa),5.98
295,CEB20-70C,Tchouateu Kamwa,2022.0,Tchouateu Kamwa_2022.0,"Littoral Region, Cameroon",32.8,32.7,21.6,13.3,"Silty clay (clay soil, CS)",70.4,53.9,16.5,,47.4,25.9,9.27,2.36,1.7,1.87,2.5,Pozzolana (PZ),Natural Pozzolan,19.4,,,3.03,8.6,Acidic,Acidic,"Phosphoric acid solution (H3PO4, 10 mol/L)",,,,0.8,None (no conventional/cement stabilizer used),,,8.0,1470.0,28.0,"Sealed plastic bag, 25 °C 7 days then thermally activated at 70 °C for 48 h",ASTM C642-06 (water absorption); no formal standard cited for compressive/flexural tests,36.9,,,,36.9,UCS – Dry (MPa),7.63
296,CEB_0%,Sore,2018.0,Sore_2018.0,Burkina Faso,5.36,10.05,48.41,36.18,Type B2 (CRATerre-Eag),50.5,22.6,27.9,,50.9,29.0,16.5,0.19,0.26,0.71,0.08,,,0.0,,0.0,,,,None/NA,,,,,,,0.0,16.7,,,14.0,14 days at ambient temperature (30°C),XP P13-901; ISO-5017; NF P94-093; NF P94-051,1.36,,,14.0,1.36,UCS – Dry (MPa),
297,CEB_8%PC,Sore,2018.0,Sore_2018.0,Burkina Faso,5.36,10.05,48.41,36.18,Type B2 (CRATerre-Eag),50.5,22.6,27.9,,50.9,29.0,16.5,0.19,0.26,0.71,0.08,,,0.0,,0.0,,,,None/NA,,,,,,Portland Cement (CEM I),8.0,17.0,,1900.0,21.0,21 days wet curing under plastic film at ambient,XP P13-901; ISO-5017; NF P94-093; NF P94-051,8.16,,,21.0,8.16,UCS – Dry (MPa),
298,CEB_5%G,Sore,2018.0,Sore_2018.0,Burkina Faso,5.36,10.05,48.41,36.18,Type B2 (CRATerre-Eag),50.5,22.6,27.9,,50.9,29.0,16.5,0.19,0.26,0.71,0.08,Metakaolin,Metakaolin/Calcined Clay,5.0,,0.0,1.51,0.05,Alkaline,Alkaline,NaOH,12.0,,,0.8,,0.0,17.7,,1840.0,14.0,7 days ambient + 7 days at 60°C in oven,XP P13-901; ISO-5017; NF P94-093; NF P94-051,2.81,,,14.0,2.81,UCS – Dry (MPa),
299,CEB_10%G,Sore,2018.0,Sore_2018.0,Burkina Faso,5.36,10.05,48.41,36.18,Type B2 (CRATerre-Eag),50.5,22.6,27.9,,50.9,29.0,16.5,0.19,0.26,0.71,0.08,Metakaolin,Metakaolin/Calcined Clay,10.0,,0.0,1.51,0.05,Alkaline,Alkaline,NaOH,12.0,,,0.8,,0.0,18.5,,1790.0,14.0,7 days ambient + 7 days at 60°C in oven,XP P13-901; ISO-5017; NF P94-093; NF P94-051,4.39,,,14.0,4.39,UCS – Dry (MPa),
300,CEB_15%G,Sore,2018.0,Sore_2018.0,Burkina Faso,5.36,10.05,48.41,36.18,Type B2 (CRATerre-Eag),50.5,22.6,27.9,,50.9,29.0,16.5,0.19,0.26,0.71,0.08,Metakaolin,Metakaolin/Calcined Clay,15.0,,0.0,1.51,0.05,Alkaline,Alkaline,NaOH,12.0,,,0.8,,0.0,21.5,,1730.0,14.0,7 days ambient + 7 days at 60°C in oven,XP P13-901; ISO-5017; NF P94-093; NF P94-051,6.67,,,14.0,6.67,UCS – Dry (MPa),
301,CEB_20%G,Sore,2018.0,Sore_2018.0,Burkina Faso,5.36,10.05,48.41,36.18,Type B2 (CRATerre-Eag),50.5,22.6,27.9,,50.9,29.0,16.5,0.19,0.26,0.71,0.08,Metakaolin,Metakaolin/Calcined Clay,20.0,,0.0,1.51,0.05,Alkaline,Alkaline,NaOH,12.0,,,0.8,,0.0,22.3,,1760.0,14.0,7 days ambient + 7 days at 60°C in oven,XP P13-901; ISO-5017; NF P94-093; NF P94-051,8.95,,,14.0,8.95,UCS – Dry (MPa),
302,G-W,Gómez-Casero,2021.0,Gómez-Casero_2021.0,Spain,3.92,61.67,34.42,0.0,,,,,,51.8,14.9,4.95,13.7,2.01,2.89,0.8,Olive Pomace Fly Ash (OPFA),Fly Ash,30.0,,0.0,,5.33,Water,None/NA,Water,,,0.4,,,0.0,,,1343.0,28.0,"24h at 60°C and 98% RH, then ambient (21±2°C, 58±2% RH) to 28d",UNE-EN 772-1; UNE-EN 772-13; ISO 8302,,,1.7,,1.7,UCS – 28d (MPa),
303,G-Na,Gómez-Casero,2021.0,Gómez-Casero_2021.0,Spain,3.92,61.67,34.42,0.0,,,,,,51.8,14.9,4.95,13.7,2.01,2.89,0.8,Olive Pomace Fly Ash (OPFA),Fly Ash,30.0,,0.0,,5.33,Alkaline,Alkaline,NaOH,8.0,,0.4,,,0.0,,,1476.0,28.0,"24h at 60°C and 98% RH, then ambient (21±2°C, 58±2% RH) to 28d",UNE-EN 772-1; UNE-EN 772-13; ISO 8302,,,3.0,,3.0,UCS – 28d (MPa),
304,G-K,Gómez-Casero,2021.0,Gómez-Casero_2021.0,Spain,3.92,61.67,34.42,0.0,,,,,,51.8,14.9,4.95,13.7,2.01,2.89,0.8,Olive Pomace Fly Ash (OPFA),Fly Ash,30.0,,0.0,,5.33,Alkaline,Alkaline,KOH,8.0,,0.4,,,0.0,,,1509.0,28.0,"24h at 60°C and 98% RH, then ambient (21±2°C, 58±2% RH) to 28d",UNE-EN 772-1; UNE-EN 772-13; ISO 8302,,,3.9,,3.9,UCS – 28d (MPa),
305,G-Na-NaSil,Gómez-Casero,2021.0,Gómez-Casero_2021.0,Spain,3.92,61.67,34.42,0.0,,,,,,51.8,14.9,4.95,13.7,2.01,2.89,0.8,Olive Pomace Fly Ash (OPFA),Fly Ash,30.0,,0.0,,5.33,Alkaline,Alkaline,NaOH + Na₂SiO₃,8.0,0.9,0.4,,,0.0,,,1584.0,28.0,"24h at 60°C and 98% RH, then ambient (21±2°C, 58±2% RH) to 28d",UNE-EN 772-1; UNE-EN 772-13; ISO 8302,,,5.3,,5.3,UCS – 28d (MPa),
306,G-K-KSil,Gómez-Casero,2021.0,Gómez-Casero_2021.0,Spain,3.92,61.67,34.42,0.0,,,,,,51.8,14.9,4.95,13.7,2.01,2.89,0.8,Olive Pomace Fly Ash (OPFA),Fly Ash,30.0,,0.0,,5.33,Alkaline,Alkaline,KOH + K₂SiO₃,8.0,0.7,0.4,,,0.0,,,1630.0,28.0,"24h at 60°C and 98% RH, then ambient (21±2°C, 58±2% RH) to 28d",UNE-EN 772-1; UNE-EN 772-13; ISO 8302,,,9.0,,9.0,UCS – 28d (MPa),
307,LAT1,Hagbe Ntod,2025.0,Hagbe Ntod_2025.0,Cameroon,9.0,32.0,12.4,47.0,A2 (GTR Classification),55.7,29.9,25.8,,,,,,,,,,,0.0,,0.0,,,,None/NA,,,,,,,0.0,,8.0,2070.0,7.0,"Sealed in polyene film 7d at 25°C, then open air at 25°C",XP P 13-901; ASTM C642; NF EN ISO 17892-2; ASTM D5470,2.02,0.73,2.02,,2.02,UCS – Dry (MPa),
308,LAT1-P0A20,Hagbe Ntod,2025.0,Hagbe Ntod_2025.0,Cameroon,9.0,32.0,12.4,47.0,A2 (GTR Classification),55.7,29.9,25.8,,,,,,,,,,,0.0,,0.0,,,Acidic,Acidic,H₃PO₄,,,,0.2,,0.0,,8.0,2130.0,7.0,"Sealed in polyene film 7d at 25°C, then open air at 25°C",XP P 13-901; ASTM C642; NF EN ISO 17892-2; ASTM D5470,4.42,3.23,4.42,,4.42,UCS – Dry (MPa),8.24
309,LAT1-P5A20,Hagbe Ntod,2025.0,Hagbe Ntod_2025.0,Cameroon,9.0,32.0,12.4,47.0,A2 (GTR Classification),55.7,29.9,25.8,,,,,,,,,,,0.0,,0.0,,,Acidic,Acidic,H₃PO₄,,,,0.2,,0.0,,8.0,1800.0,7.0,"Sealed in polyene film 7d at 25°C, then open air at 25°C",XP P 13-901; ASTM C642; NF EN ISO 17892-2; ASTM D5470,5.06,3.83,5.06,,5.06,UCS – Dry (MPa),7.89
310,LAT1-P10A20,Hagbe Ntod,2025.0,Hagbe Ntod_2025.0,Cameroon,9.0,32.0,12.4,47.0,A2 (GTR Classification),55.7,29.9,25.8,,,,,,,,,,,0.0,,0.0,,,Acidic,Acidic,H₃PO₄,,,,0.2,,0.0,,8.0,1740.0,7.0,"Sealed in polyene film 7d at 25°C, then open air at 25°C",XP P 13-901; ASTM C642; NF EN ISO 17892-2; ASTM D5470,6.92,4.04,6.92,,6.92,UCS – Dry (MPa),6.73
311,LAT1-P15A20,Hagbe Ntod,2025.0,Hagbe Ntod_2025.0,Cameroon,9.0,32.0,12.4,47.0,A2 (GTR Classification),55.7,29.9,25.8,,,,,,,,,,,0.0,,0.0,,,Acidic,Acidic,H₃PO₄,,,,0.2,,0.0,,8.0,1710.0,7.0,"Sealed in polyene film 7d at 25°C, then open air at 25°C",XP P 13-901; ASTM C642; NF EN ISO 17892-2; ASTM D5470,6.16,3.89,6.16,,6.16,UCS – Dry (MPa),7.18
312,LAT1-P20A20,Hagbe Ntod,2025.0,Hagbe Ntod_2025.0,Cameroon,9.0,32.0,12.4,47.0,A2 (GTR Classification),55.7,29.9,25.8,,,,,,,,,,,0.0,,0.0,,,Acidic,Acidic,H₃PO₄,,,,0.2,,0.0,,8.0,1690.0,7.0,"Sealed in polyene film 7d at 25°C, then open air at 25°C",XP P 13-901; ASTM C642; NF EN ISO 17892-2; ASTM D5470,6.11,3.86,6.11,,6.11,UCS – Dry (MPa),7.24
313,LAT6,Hagbe Ntod,2025.0,Hagbe Ntod_2025.0,Cameroon,10.0,34.0,11.2,45.0,A2 (GTR Classification),52.8,28.2,24.6,,,,,,,,,,,0.0,,0.0,,,,None/NA,,,,,,,0.0,,8.0,2160.0,7.0,"Sealed in polyene film 7d at 25°C, then open air at 25°C",XP P 13-901; ASTM C642; NF EN ISO 17892-2; ASTM D5470,1.94,0.75,1.94,,1.94,UCS – Dry (MPa),
314,LAT6-P0A20,Hagbe Ntod,2025.0,Hagbe Ntod_2025.0,Cameroon,10.0,34.0,11.2,45.0,A2 (GTR Classification),52.8,28.2,24.6,,,,,,,,,,,0.0,,0.0,,,Acidic,Acidic,H₃PO₄,,,,0.2,,0.0,,8.0,2220.0,7.0,"Sealed in polyene film 7d at 25°C, then open air at 25°C",XP P 13-901; ASTM C642; NF EN ISO 17892-2; ASTM D5470,4.5,3.29,4.5,,4.5,UCS – Dry (MPa),7.14
315,LAT6-P5A20,Hagbe Ntod,2025.0,Hagbe Ntod_2025.0,Cameroon,10.0,34.0,11.2,45.0,A2 (GTR Classification),52.8,28.2,24.6,,,,,,,,,,,0.0,,0.0,,,Acidic,Acidic,H₃PO₄,,,,0.2,,0.0,,8.0,1940.0,7.0,"Sealed in polyene film 7d at 25°C, then open air at 25°C",XP P 13-901; ASTM C642; NF EN ISO 17892-2; ASTM D5470,4.96,3.79,4.96,,4.96,UCS – Dry (MPa),5.65
316,LAT6-P10A20,Hagbe Ntod,2025.0,Hagbe Ntod_2025.0,Cameroon,10.0,34.0,11.2,45.0,A2 (GTR Classification),52.8,28.2,24.6,,,,,,,,,,,0.0,,0.0,,,Acidic,Acidic,H₃PO₄,,,,0.2,,0.0,,8.0,1840.0,7.0,"Sealed in polyene film 7d at 25°C, then open air at 25°C",XP P 13-901; ASTM C642; NF EN ISO 17892-2; ASTM D5470,6.96,4.08,6.96,,6.96,UCS – Dry (MPa),5.01
317,LAT6-P15A20,Hagbe Ntod,2025.0,Hagbe Ntod_2025.0,Cameroon,10.0,34.0,11.2,45.0,A2 (GTR Classification),52.8,28.2,24.6,,,,,,,,,,,0.0,,0.0,,,Acidic,Acidic,H₃PO₄,,,,0.2,,0.0,,8.0,1790.0,7.0,"Sealed in polyene film 7d at 25°C, then open air at 25°C",XP P 13-901; ASTM C642; NF EN ISO 17892-2; ASTM D5470,6.34,3.98,6.34,,6.34,UCS – Dry (MPa),5.41
318,LAT6-P20A20,Hagbe Ntod,2025.0,Hagbe Ntod_2025.0,Cameroon,10.0,34.0,11.2,45.0,A2 (GTR Classification),52.8,28.2,24.6,,,,,,,,,,,0.0,,0.0,,,Acidic,Acidic,H₃PO₄,,,,0.2,,0.0,,8.0,1720.0,7.0,"Sealed in polyene film 7d at 25°C, then open air at 25°C",XP P 13-901; ASTM C642; NF EN ISO 17892-2; ASTM D5470,6.26,3.96,6.26,,6.26,UCS – Dry (MPa),5.67
319,ICEB-FA15,Leitão,2017.0,Leitão_2017.0,Portugal,4.0,14.0,60.0,22.0,Granitic residual soil (GRS),28.0,,,,,,,,,,,Class F Fly Ash,Fly Ash,15.0,,0.0,2.24,3.85,Alkaline,Alkaline,NaOH + Na₂SiO₃,12.5,,3.33,3.33,,0.0,,4.0,1800.0,28.0,Air-curing indoors at 18°C and 55% RH for 28 days,NP EN772-1; ASTM C1046; ASTM C1155,3.0,,3.0,,3.0,UCS – Dry (MPa),
